timestamp,post_id,platform,subreddit,title,keywords_matched,match_count,score,num_comments,author,url,created_utc
2026-05-13T19:08:06.811485,1t026z1,Reddit,CoronavirusDownunder,r/CoronavirusDownunder random monthly discussion thread - May 2026,vaccination,1,9,0,AutoModerator,https://reddit.com/r/CoronavirusDownunder/comments/1t026z1/rcoronavirusdownunder_random_monthly_discussion/,2026-04-30T17:00:09
2026-05-13T19:08:06.812950,1scuwh2,Reddit,CoronavirusDownunder,GP William Moore’s registration cancelled for professional misconduct after failing to provide good patient care regarding Covid-19 vaccinations,vaccination,1,28,4,AcornAl,https://reddit.com/r/CoronavirusDownunder/comments/1scuwh2/gp_william_moores_registration_cancelled_for/,2026-04-05T05:05:33
2026-05-13T19:08:06.813012,1s8t81o,Reddit,CoronavirusDownunder,r/CoronavirusDownunder random monthly discussion thread - April 2026,vaccination,1,10,3,AutoModerator,https://reddit.com/r/CoronavirusDownunder/comments/1s8t81o/rcoronavirusdownunder_random_monthly_discussion/,2026-03-31T17:00:38
2026-05-13T19:08:06.813033,1s8eub4,Reddit,CoronavirusDownunder,Doctor who encouraged ‘Omicron parties’ instead of vaccination during Covid loses registration,vaccination,1,242,8,VS2ute,https://reddit.com/r/CoronavirusDownunder/comments/1s8eub4/doctor_who_encouraged_omicron_parties_instead_of/,2026-03-31T05:40:47
2026-05-13T19:08:10.662578,1cg97it,Reddit,CoronavirusStraya,"AstraZeneca admits to rare, deadly side effect of Covid jab as lawsuits mount - The maker of a Covid vaccination that was widely used in Australia has admitted to a very rare but potentially deadly side effect.",vaccination,1,2,0,loopfission,https://reddit.com/r/CoronavirusStraya/comments/1cg97it/astrazeneca_admits_to_rare_deadly_side_effect_of/,2024-04-29T20:17:17
2026-05-13T19:08:20.105565,1set5bt,Reddit,LockdownSkepticismAU,Post-Natural Selection or Effort to Replace Nature,vaccination,1,2,0,PLUTO_HAS_COME_BACK,https://reddit.com/r/LockdownSkepticismAU/comments/1set5bt/postnatural_selection_or_effort_to_replace_nature/,2026-04-07T11:23:00
2026-05-13T19:08:20.105651,1rn64hp,Reddit,LockdownSkepticismAU,US military vaccination programs,vaccination,1,4,1,PLUTO_HAS_COME_BACK,https://reddit.com/r/LockdownSkepticismAU/comments/1rn64hp/us_military_vaccination_programs/,2026-03-07T09:53:25
2026-05-13T19:08:20.105729,1qq4ep5,Reddit,LockdownSkepticismAU,Dr Charles Hoffe Presentation / 2025 Reclaiming Conference,vaccination,1,2,1,PLUTO_HAS_COME_BACK,https://reddit.com/r/LockdownSkepticismAU/comments/1qq4ep5/dr_charles_hoffe_presentation_2025_reclaiming/,2026-01-29T09:51:39
2026-05-13T19:09:04.350061,1tbywck,Reddit,Adelaide,Parents of kids on vax catch up plans!,vaccination,1,1,4,saraharchie93,https://reddit.com/r/Adelaide/comments/1tbywck/parents_of_kids_on_vax_catch_up_plans/,2026-05-13T12:58:24
