timestamp,post_id,platform,subreddit,title,keywords_matched,match_count,keywords_in_post,keywords_in_comments,score,num_comments,author,url,created_utc
2026-05-13T19:59:07.585884+00:00,1t026z1,Reddit,CoronavirusDownunder,r/CoronavirusDownunder random monthly discussion thread - May 2026,"vaccination, vaccine death data",2,"vaccination, vaccine death data",,10,0,AutoModerator,https://reddit.com/r/CoronavirusDownunder/comments/1t026z1/rcoronavirusdownunder_random_monthly_discussion/,2026-04-30T17:00:09+00:00
2026-05-13T19:59:10.735029+00:00,1s8t81o,Reddit,CoronavirusDownunder,r/CoronavirusDownunder random monthly discussion thread - April 2026,"vaccination, vaccine death data",2,"vaccination, vaccine death data",vaccination,9,3,AutoModerator,https://reddit.com/r/CoronavirusDownunder/comments/1s8t81o/rcoronavirusdownunder_random_monthly_discussion/,2026-03-31T17:00:38+00:00
2026-05-13T19:59:23.654169+00:00,1set5bt,Reddit,LockdownSkepticismAU,Post-Natural Selection or Effort to Replace Nature,"vaccination, vaccine less than natural immunity",2,"vaccination, vaccine less than natural immunity",,2,0,PLUTO_HAS_COME_BACK,https://reddit.com/r/LockdownSkepticismAU/comments/1set5bt/postnatural_selection_or_effort_to_replace_nature/,2026-04-07T11:23:00+00:00
2026-05-13T19:59:09.156571+00:00,1scuwh2,Reddit,CoronavirusDownunder,GP William Moore’s registration cancelled for professional misconduct after failing to provide good patient care regarding Covid-19 vaccinations,vaccination,1,vaccination,,29,4,AcornAl,https://reddit.com/r/CoronavirusDownunder/comments/1scuwh2/gp_william_moores_registration_cancelled_for/,2026-04-05T05:05:33+00:00
2026-05-13T19:59:12.409459+00:00,1s8eub4,Reddit,CoronavirusDownunder,Doctor who encouraged ‘Omicron parties’ instead of vaccination during Covid loses registration,vaccination,1,vaccination,,240,8,VS2ute,https://reddit.com/r/CoronavirusDownunder/comments/1s8eub4/doctor_who_encouraged_omicron_parties_instead_of/,2026-03-31T05:40:47+00:00
2026-05-13T19:59:16.114086+00:00,1cg97it,Reddit,CoronavirusStraya,"AstraZeneca admits to rare, deadly side effect of Covid jab as lawsuits mount - The maker of a Covid vaccination that was widely used in Australia has admitted to a very rare but potentially deadly side effect.",vaccination,1,vaccination,,2,0,loopfission,https://reddit.com/r/CoronavirusStraya/comments/1cg97it/astrazeneca_admits_to_rare_deadly_side_effect_of/,2024-04-29T20:17:17+00:00
2026-05-13T19:59:25.273138+00:00,1rn64hp,Reddit,LockdownSkepticismAU,US military vaccination programs,vaccination,1,vaccination,,4,1,PLUTO_HAS_COME_BACK,https://reddit.com/r/LockdownSkepticismAU/comments/1rn64hp/us_military_vaccination_programs/,2026-03-07T09:53:25+00:00
2026-05-13T19:59:26.884395+00:00,1qq4ep5,Reddit,LockdownSkepticismAU,Dr Charles Hoffe Presentation / 2025 Reclaiming Conference,vaccination,1,vaccination,,2,1,PLUTO_HAS_COME_BACK,https://reddit.com/r/LockdownSkepticismAU/comments/1qq4ep5/dr_charles_hoffe_presentation_2025_reclaiming/,2026-01-29T09:51:39+00:00
2026-05-13T19:59:59.212455+00:00,1tbywck,Reddit,Adelaide,Parents of kids on vax catch up plans!,vaccination,1,vaccination,,1,4,saraharchie93,https://reddit.com/r/Adelaide/comments/1tbywck/parents_of_kids_on_vax_catch_up_plans/,2026-05-13T12:58:24+00:00
