timestamp,post_id,platform,subreddit,title,keywords_matched,match_count,keywords_in_post,keywords_in_comments,score,num_comments,author,url,created_aest,relevance_weight
2026-06-14T01:24:10.838848+10:00,WogITtbONkY,YouTube AU,Sky News Australia,Adding fluoride to all Queensland water would cost less than $5 per person,"fluoride, fluoridation, fluoride water filter, fluoride thyroid, mass medication fluoride",5,fluoride,"fluoridation, fluoride, fluoride water filter, fluoride thyroid, mass medication fluoride",,,Sky News Australia,https://www.youtube.com/watch?v=WogITtbONkY,2025-01-12T12:22:16+11:00,17
2026-06-14T01:24:45.930192+10:00,YvNST71Rk90,YouTube AU,Cairns and Tropical Gardening by Rob Pyne,"Cairns, We Need to Talk About Fluoride","fluoride, fluoride water filter, fluoride byproduct, fluoride thyroid",4,fluoride,"fluoride, fluoride water filter, fluoride byproduct, fluoride thyroid",,,Cairns and Tropical Gardening by Rob Pyne,https://www.youtube.com/watch?v=YvNST71Rk90,2024-11-10T16:08:47+11:00,16
2026-06-14T01:26:01.025249+10:00,RePFw285v1g,YouTube AU,Back to the Science,7 reasons we know that ANTIVAXXER vaccine excess death claims are LIES,"vaccine, vaccination, pharma vaccine lying, vaccine death data",4,vaccine,"vaccination, vaccine, pharma vaccine lying, vaccine death data",,,Back to the Science,https://www.youtube.com/watch?v=RePFw285v1g,2022-12-05T19:11:56+11:00,12
2026-06-14T01:24:16.919178+10:00,e8OrHiURqwo,YouTube AU,Toxic Fluoride,Fluoride Free Australia - Fluoridegate: Watch the Inside Story of Water Fluoridation,"fluoridation, fluoride, fluoride free australia",3,"fluoridation, fluoride, fluoride free australia",,,,Toxic Fluoride,https://www.youtube.com/watch?v=e8OrHiURqwo,2024-06-29T11:54:28+10:00,7
2026-06-14T01:24:25.102494+10:00,LOffj7i7IbQ,YouTube AU,Fluoride Free Australia,Ten Reasons to STOP Fluoridation (Fluoride) in Bunbury,"fluoridation, fluoride, fluoride free australia",3,"fluoridation, fluoride","fluoridation, fluoride, fluoride free australia",,,Fluoride Free Australia,https://www.youtube.com/watch?v=LOffj7i7IbQ,2022-07-08T09:17:53+10:00,7
2026-06-14T01:24:57.530233+10:00,buHVjd56-1s,YouTube AU,Toxic Fluoride,Professor Dr.  Paul Connett Fluoride Toxicity Presentation in Australia - Fluoride Free Australia,"fluoridation, fluoride, fluoride free australia",3,"fluoridation, fluoride, fluoride free australia",,,,Toxic Fluoride,https://www.youtube.com/watch?v=buHVjd56-1s,2024-06-28T15:19:05+10:00,7
2026-06-14T01:24:58.637869+10:00,gfwaruRFlUA,YouTube AU,Toxic Fluoride,Fluoride Free Australia - Is Fluoride Really Safe An Australian Toxicologist&#39;s View - Dr. Dingle,"fluoridation, fluoride, fluoride free australia",3,"fluoridation, fluoride, fluoride free australia",,,,Toxic Fluoride,https://www.youtube.com/watch?v=gfwaruRFlUA,2024-06-17T20:11:54+10:00,7
2026-06-14T01:25:06.736674+10:00,Q_PCiTECZvQ,YouTube AU,Chris Aussie,"Fluoride free Australia, you want it. Here it is. Description","fluoride, fluoride free australia, fluoride water filter",3,"fluoride, fluoride free australia","fluoride, fluoride free australia, fluoride water filter",,,Chris Aussie,https://www.youtube.com/watch?v=Q_PCiTECZvQ,2020-03-15T12:41:15+11:00,11
2026-06-14T01:25:16.453945+10:00,3g14JtDrkNY,YouTube AU,Project Farm,Proof That Most Water Purifiers Don’t Work!,"fluoride, fluoride free australia, fluoride water filter",3,fluoride,"fluoride, fluoride free australia, fluoride water filter",,,Project Farm,https://www.youtube.com/watch?v=3g14JtDrkNY,2026-03-02T04:50:00+11:00,11
2026-06-14T01:25:18.768043+10:00,HLIesI5MZOI,YouTube AU,Water Filter Guru,The BEST Whole House Water Filter for Treating Lead &amp; Fluoride,"fluoride, fluoride water filter, fluoride byproduct",3,"fluoride, fluoride water filter","fluoride, fluoride water filter, fluoride byproduct",,,Water Filter Guru,https://www.youtube.com/watch?v=HLIesI5MZOI,2025-07-31T06:31:30+10:00,11
2026-06-14T01:25:57.218832+10:00,1aulyLGyU0A,YouTube AU,Sky News Australia,Coalition ‘lied’ about COVID-19 vaccine deal: Chris Bowen,"vaccine, vaccination, pharma vaccine lying",3,vaccine,"vaccination, vaccine, pharma vaccine lying",,,Sky News Australia,https://www.youtube.com/watch?v=1aulyLGyU0A,2020-09-07T11:57:36+10:00,7
2026-06-14T01:26:02.263705+10:00,-CCaJLR1zhQ,YouTube AU,news.com.au,Pfizer did not know whether Covid vaccine stopped transmission before rollout,"vaccine, vaccination, pharma vaccine lying",3,vaccine,"vaccination, vaccine, pharma vaccine lying",,,news.com.au,https://www.youtube.com/watch?v=-CCaJLR1zhQ,2022-10-12T17:42:40+11:00,7
2026-06-14T01:26:04.556717+10:00,HVVVmQJ0w3s,YouTube AU,Daily Insight,One Month of Vaccination Status COVID Death Data New South Wales,"vaccination, vaccine, vaccine death data",3,vaccination,"vaccine, vaccine death data",,,Daily Insight,https://www.youtube.com/watch?v=HVVVmQJ0w3s,2022-01-02T16:15:58+11:00,7
2026-06-14T01:26:07.016317+10:00,sqxxOlwwBoE,YouTube AU,Sky News Australia,TGA releases statement about Pfizer vaccine deaths in Norway,"vaccine, vaccination, pharma vaccine lying",3,vaccine,"vaccination, vaccine, pharma vaccine lying",,,Sky News Australia,https://www.youtube.com/watch?v=sqxxOlwwBoE,2021-01-17T15:32:46+11:00,7
2026-06-14T01:24:13.368065+10:00,jj2AoS1NG1o,YouTube AU,The House of Wellness,Why is fluoride in our water?,"fluoride, fluoridation",2,fluoride,"fluoridation, fluoride",,,The House of Wellness,https://www.youtube.com/watch?v=jj2AoS1NG1o,2024-10-02T07:00:34+10:00,2
2026-06-14T01:24:15.793406+10:00,7vsjEmiRLYs,YouTube AU,Teeth Talk Girl,non-fluoride toothpaste (nano-hydroxyapatite toothpaste) explained #shorts,"fluoride, fluoridation",2,fluoride,"fluoridation, fluoride",,,Teeth Talk Girl,https://www.youtube.com/watch?v=7vsjEmiRLYs,2024-09-01T02:00:12+10:00,2
2026-06-14T01:24:18.039673+10:00,D8oMIVk9jX8,YouTube AU,Toxic Fluoride,"Fluoride Facts Dr. Griffin Cole of Austin, What is Water Fluoridation Is it Safe Health Side Effects","fluoridation, fluoride",2,"fluoridation, fluoride",,,,Toxic Fluoride,https://www.youtube.com/watch?v=D8oMIVk9jX8,2024-06-17T15:47:15+10:00,2
2026-06-14T01:24:23.953350+10:00,UFFNog_YhLA,YouTube AU,Fluoride Free Australia,Fluoride is a neurotoxin,"fluoride, fluoride free australia",2,fluoride,"fluoride, fluoride free australia",,,Fluoride Free Australia,https://www.youtube.com/watch?v=UFFNog_YhLA,2022-07-22T23:50:49+10:00,6
2026-06-14T01:24:42.539231+10:00,M1x7sSJxsTU,YouTube AU,CNN,Do home water filters remove fluoride? Dr. Sanjay Gupta explains,"fluoride, fluoride water filter",2,"fluoride, fluoride water filter","fluoride, fluoride water filter",,,CNN,https://www.youtube.com/watch?v=M1x7sSJxsTU,2025-06-06T00:09:14+10:00,6
2026-06-14T01:24:47.049785+10:00,G3geDQr2RMM,YouTube AU,Toxic Fluoride,"Neil Oliver, Recent California Court Ruling Exposes Fluoride Health Risks, Especially For Children","fluoridation, fluoride",2,"fluoridation, fluoride",,,,Toxic Fluoride,https://www.youtube.com/watch?v=G3geDQr2RMM,2024-11-05T14:25:50+11:00,2
2026-06-14T01:24:48.203937+10:00,QyMI8vXBnF8,YouTube AU,Toxic Fluoride,"Neil Oliver, Recent California Court Ruling Exposes Fluoride Health Risks, Especially For Children.","fluoridation, fluoride",2,"fluoridation, fluoride",,,,Toxic Fluoride,https://www.youtube.com/watch?v=QyMI8vXBnF8,2024-11-04T21:07:20+11:00,2
2026-06-14T01:24:59.739594+10:00,U2WrIAZ14fk,YouTube AU,Toxic Fluoride,Fluoride Free Australia - Dr. Howard Hu Discusses His Testimony at The #Fluoridelawsuit,"fluoride, fluoride free australia",2,"fluoride, fluoride free australia",,,,Toxic Fluoride,https://www.youtube.com/watch?v=U2WrIAZ14fk,2024-05-22T15:19:31+10:00,6
2026-06-14T01:25:02.035853+10:00,FS0Y0AzY5zQ,YouTube AU,Toxic Fluoride,Is Fluoride Dangerous and should it be removed from Australia&#39;s Water Supply System?,"fluoridation, fluoride",2,"fluoridation, fluoride",,,,Toxic Fluoride,https://www.youtube.com/watch?v=FS0Y0AzY5zQ,2024-04-25T13:24:01+10:00,2
2026-06-14T01:25:04.371075+10:00,j9zRmdizqEs,YouTube AU,Fluoride Free Australia,Paul Connett Bunbury Neurotoxicity of Fluoride,"fluoridation, fluoride",2,"fluoridation, fluoride",fluoride,,,Fluoride Free Australia,https://www.youtube.com/watch?v=j9zRmdizqEs,2020-04-30T21:29:39+10:00,2
2026-06-14T01:25:07.987095+10:00,9Sq4_Vp8Xsc,YouTube AU,Fluoride Free Australia,Right To Know About Fluoride,"fluoride, fluoridation",2,fluoride,"fluoridation, fluoride",,,Fluoride Free Australia,https://www.youtube.com/watch?v=9Sq4_Vp8Xsc,2019-11-07T00:39:17+11:00,2
2026-06-14T01:25:10.452031+10:00,Z0sEM56GilM,YouTube AU,Organic Oases Penang,Grants of Australia Video How They Started The Business,"fluoride, fluoride free australia",2,"fluoride, fluoride free australia",,,,Organic Oases Penang,https://www.youtube.com/watch?v=Z0sEM56GilM,2018-01-24T19:47:51+11:00,6
2026-06-14T01:25:11.627791+10:00,pqfaR42kyas,YouTube AU,Hayley Green,Fluoride Free WA Party - Why does Australia still Fluoridate? Commercial,"fluoride, fluoride free australia",2,"fluoride, fluoride free australia",,,,Hayley Green,https://www.youtube.com/watch?v=pqfaR42kyas,2017-03-08T10:57:28+11:00,6
2026-06-14T01:25:12.787445+10:00,kltP5e-Exs4,YouTube AU,Hayley Green,Fluoride Free WA Party Launch - Parliament House 2017,"fluoride, fluoridation",2,fluoride,fluoridation,,,Hayley Green,https://www.youtube.com/watch?v=kltP5e-Exs4,2017-02-28T21:52:16+11:00,2
2026-06-14T01:25:13.913546+10:00,m_TgQwR-L5E,YouTube AU,FluorideFreeWA Perth,Fluoride Free WA Presents  Dr Paul Connett The Case Against Fluoride (part 4 of 4),"fluoridation, fluoride",2,"fluoridation, fluoride",,,,FluorideFreeWA Perth,https://www.youtube.com/watch?v=m_TgQwR-L5E,2015-03-01T23:06:50+11:00,2
2026-06-14T01:25:17.574738+10:00,BdFBBruSnII,YouTube AU,Aqua Professor,AquaTru vs Aquasana: Which Is The Best Countertop Water Filter?,"fluoride, fluoride water filter",2,"fluoride, fluoride water filter",,,,Aqua Professor,https://www.youtube.com/watch?v=BdFBBruSnII,2025-08-17T00:15:02+10:00,6
2026-06-14T01:25:23.599863+10:00,EmloHf89w8g,YouTube AU,davidnightingale,Fluoride Mass medication of Sheffield Children,"fluoride, mass medication fluoride",2,"fluoride, mass medication fluoride",,,,davidnightingale,https://www.youtube.com/watch?v=EmloHf89w8g,2008-11-04T21:02:47+11:00,6
2026-06-14T01:25:30.640953+10:00,mmMotyMqbiA,YouTube AU,9 News Australia,Nasal spray vaccination program expands in NSW,"vaccination, vaccine",2,"vaccination, vaccine",vaccine,,,9 News Australia,https://www.youtube.com/watch?v=mmMotyMqbiA,2026-05-27T18:34:14+10:00,2
2026-06-14T01:25:35.165558+10:00,DpQxoBrBQDU,YouTube AU,Horney Fure,Australia Faces Worst Diphtheria Outbreak in Decades#news,"vaccination, vaccine",2,vaccination,"vaccination, vaccine",,,Horney Fure,https://www.youtube.com/watch?v=DpQxoBrBQDU,2026-05-21T19:30:12+10:00,2
2026-06-14T01:25:44.396828+10:00,zSPE-OZQI7A,YouTube AU,ABC News (Australia),Measles spreading and killing children as vaccine rates decline | ABC NEWS,"vaccine, vaccination",2,vaccine,"vaccination, vaccine",,,ABC News (Australia),https://www.youtube.com/watch?v=zSPE-OZQI7A,2026-06-07T09:15:36+10:00,2
2026-06-14T01:25:48.908215+10:00,4Z9YvTSfuK4,YouTube AU,10 News,New Nasal Spray Flu Vaccine Targets Kids Afraid Of Needles | 10 News,"vaccination, vaccine",2,"vaccination, vaccine",,,,10 News,https://www.youtube.com/watch?v=4Z9YvTSfuK4,2026-05-28T17:45:41+10:00,2
2026-06-14T01:26:05.733658+10:00,MZMx-mifr2U,YouTube AU,Gann Decoder Sree Harsha,China GDP Data Awaited | Norway Vaccine Death | Australia not ready to open borders,"vaccine, vaccine death data",2,"vaccine, vaccine death data",,,,Gann Decoder Sree Harsha,https://www.youtube.com/watch?v=MZMx-mifr2U,2021-01-18T14:17:06+11:00,6
2026-06-14T01:24:05.136390+10:00,kW7Yir-WKsg,YouTube AU,Medical Journal of Australia,"Episode 544: MJA Podcasts 2024 Episode 3: water fluoridation in Queensland, with biostatistician ...",fluoridation,1,fluoridation,,,,Medical Journal of Australia,https://www.youtube.com/watch?v=kW7Yir-WKsg,2025-10-29T13:47:19+11:00,1
2026-06-14T01:24:06.268314+10:00,r-3BRU0qgHI,YouTube AU,ABC News In-depth,Queensland councils vote to remove fluoride from water supplies | 7.30,fluoride,1,fluoride,,,,ABC News In-depth,https://www.youtube.com/watch?v=r-3BRU0qgHI,2025-10-21T22:01:38+11:00,1
2026-06-14T01:24:07.355975+10:00,OQqvotuiEic,YouTube AU,ABC News (Australia),Gympie council scraps fluoride from water supply | ABC NEWS,fluoride,1,fluoride,,,,ABC News (Australia),https://www.youtube.com/watch?v=OQqvotuiEic,2025-09-27T11:00:23+10:00,1
2026-06-14T01:24:08.446620+10:00,fhPdtvfdegI,YouTube AU,ABC News (Australia),Gympie council scraps fluoride from water supply | ABC News,fluoride,1,fluoride,,,,ABC News (Australia),https://www.youtube.com/watch?v=fhPdtvfdegI,2025-09-25T20:15:03+10:00,1
2026-06-14T01:24:09.586983+10:00,t4qDBzmCIrw,YouTube AU,Toxic Fluoride,A Short Film   - What&#39;s in Your Water Supply? - Uploaded For Australian Viewers,fluoride,1,fluoride,,,,Toxic Fluoride,https://www.youtube.com/watch?v=t4qDBzmCIrw,2025-04-13T08:27:46+10:00,1
2026-06-14T01:24:12.082630+10:00,om6bEOpM7eg,YouTube AU,GoodAsDone,Stalemate on fluoridation,fluoridation,1,fluoridation,,,,GoodAsDone,https://www.youtube.com/watch?v=om6bEOpM7eg,2024-10-14T11:16:02+11:00,1
2026-06-14T01:24:14.494544+10:00,dsQe8XBqjSM,YouTube AU,GoodAsDone,Mayor refuses fluoride,fluoride,1,fluoride,,,,GoodAsDone,https://www.youtube.com/watch?v=dsQe8XBqjSM,2024-09-21T12:49:39+10:00,1
2026-06-14T01:24:19.167212+10:00,cvkqmsy5GGo,YouTube AU,Cleveland Dental Care,The Power of Water Fluoridation A Public Health Success,fluoridation,1,fluoridation,,,,Cleveland Dental Care,https://www.youtube.com/watch?v=cvkqmsy5GGo,2024-03-22T18:42:51+11:00,1
2026-06-14T01:24:20.465947+10:00,t0S88m7_7Vs,YouTube AU,AquaCo Water Filters Australia,⚠ Can I Remove Fluoride For My Whole House? 🏡💧 #fluorideremovalsolutions,fluoride,1,fluoride,,,,AquaCo Water Filters Australia,https://www.youtube.com/watch?v=t0S88m7_7Vs,2024-01-17T12:11:29+11:00,1
2026-06-14T01:24:21.720536+10:00,wBOzVw-iH-8,YouTube AU,Ramese Sanders,Best FLUORIDE FREE toothpaste🦷🪥,fluoride,1,fluoride,fluoride,,,Ramese Sanders,https://www.youtube.com/watch?v=wBOzVw-iH-8,2023-12-25T07:06:17+11:00,1
2026-06-14T01:24:22.805042+10:00,itH7fWdfLGc,YouTube AU,ABC News (Australia),Quarter of Queenslanders&#39; drinking water without fluoride | ABC News,fluoride,1,fluoride,,,,ABC News (Australia),https://www.youtube.com/watch?v=itH7fWdfLGc,2023-11-20T16:59:36+11:00,1
2026-06-14T01:24:26.242503+10:00,n8x1cAEsvMQ,YouTube AU,Joining Hands In Health,Fluoride Report Australia Today Tonight Channel 7,fluoride,1,fluoride,,,,Joining Hands In Health,https://www.youtube.com/watch?v=n8x1cAEsvMQ,2022-05-24T10:28:23+10:00,1
2026-06-14T01:24:27.371623+10:00,Q_D1rzz9s-w,YouTube AU,FluorideScience,Dr. Gary Slade: Caries Preventive Benefit of Fluoridation in Adults,fluoridation,1,fluoridation,,,,FluorideScience,https://www.youtube.com/watch?v=Q_D1rzz9s-w,2022-04-08T19:46:53+10:00,1
2026-06-14T01:24:28.488111+10:00,JFUREel5CwQ,YouTube AU,Voting Matters,"Fluoride, the industrial waste added to Australia&#39;s water supply",fluoride,1,fluoride,,,,Voting Matters,https://www.youtube.com/watch?v=JFUREel5CwQ,2022-03-01T01:00:48+11:00,1
2026-06-14T01:24:29.668936+10:00,Ytn8zIAvs0c,YouTube AU,Alternative Therepies,Fire Water - The Australian industrial fluoridation disgrace,fluoridation,1,fluoridation,,,,Alternative Therepies,https://www.youtube.com/watch?v=Ytn8zIAvs0c,2021-09-27T15:29:37+10:00,1
2026-06-14T01:24:32.166348+10:00,AvBA-C7Fz3M,YouTube AU,oncelived,Australian Melbourne Museum Fluoride mini tour,fluoride,1,fluoride,,,,oncelived,https://www.youtube.com/watch?v=AvBA-C7Fz3M,2026-05-15T18:54:06+10:00,1
2026-06-14T01:24:33.291065+10:00,xlD_hOMF5mA,YouTube AU,Dental Designs Clinic,"Vaping, HIV, Fluoride &amp; The Truth About Clean Teeth?! (Dr Justin, Andrew Terry) | #THEBITEANGLE EP29",fluoride,1,fluoride,,,,Dental Designs Clinic,https://www.youtube.com/watch?v=xlD_hOMF5mA,2026-05-08T13:08:18+10:00,1
2026-06-14T01:24:34.448839+10:00,Ek6g80D0GpM,YouTube AU,Health Facts,Did you know... Fluoride — Daily intake,fluoride,1,fluoride,,,,Health Facts,https://www.youtube.com/watch?v=Ek6g80D0GpM,2026-04-27T20:00:20+10:00,1
2026-06-14T01:24:35.595582+10:00,TiarltMSbLk,YouTube AU,Foot Patrol & Aviation Australia,Grant&#39;s of Australia Complete Care with fluoride natural toothpaste review,fluoride,1,fluoride,,,,Foot Patrol & Aviation Australia,https://www.youtube.com/watch?v=TiarltMSbLk,2026-02-19T08:15:01+11:00,1
2026-06-14T01:24:36.717776+10:00,3mQ6AwlH01w,YouTube AU,Sukhpreet Singh,AUSTRALIA&#39;S water is not DRINKABLE |FLUORIDE | SUKHSINGHFITNESSCLUB | PUNJABI FITNESS VIDEO 2025 |,fluoride,1,fluoride,,,,Sukhpreet Singh,https://www.youtube.com/watch?v=3mQ6AwlH01w,2025-10-31T20:48:42+11:00,1
2026-06-14T01:24:37.878636+10:00,wVUvb_-gylQ,YouTube AU,Haqiqat media,Parliament House Fluoride flower festival Canberra Australia part 2 گلهاي كنبرا 2025,fluoride,1,fluoride,,,,Haqiqat media,https://www.youtube.com/watch?v=wVUvb_-gylQ,2025-10-17T13:23:07+11:00,1
2026-06-14T01:24:39.058955+10:00,Ye102mj2iPw,YouTube AU,Haqiqat media,Fluoride flower festival Canberra Australia گلهاي كنبرا 2025 part one ,fluoride,1,fluoride,,,,Haqiqat media,https://www.youtube.com/watch?v=Ye102mj2iPw,2025-10-13T16:54:27+11:00,1
2026-06-14T01:24:40.170158+10:00,rxNymKlFACg,YouTube AU,Ana Gabriel Ritmos y Sentimientos,Gympie Council Removes Fluoride from Water Supply: Health Debate Sparks Controversy,fluoride,1,fluoride,,,,Ana Gabriel Ritmos y Sentimientos,https://www.youtube.com/watch?v=rxNymKlFACg,2025-10-09T11:32:51+11:00,1
2026-06-14T01:24:41.339232+10:00,RfkCYzIIBe8,YouTube AU,boytoymichelle,Gympie Council Removes Fluoride from Water Supply: Health Debate Sparks Controversy,fluoride,1,fluoride,,,,boytoymichelle,https://www.youtube.com/watch?v=RfkCYzIIBe8,2025-10-09T11:05:56+11:00,1
2026-06-14T01:24:43.659648+10:00,xLYyZP0-jIc,YouTube AU,Toxic Fluoride,What to Know About Fluoride  Why RFK Jr  Wants it OUT of Our Water Supply - For Australian Viewers,fluoride,1,fluoride,,,,Toxic Fluoride,https://www.youtube.com/watch?v=xLYyZP0-jIc,2025-04-25T08:26:46+10:00,1
2026-06-14T01:24:44.773230+10:00,PMhe1bp2BTY,YouTube AU,American Voices Unfiltered,Fluoride in Water: Does it Really Affect Brain Development?,fluoride,1,fluoride,,,,American Voices Unfiltered,https://www.youtube.com/watch?v=PMhe1bp2BTY,2024-12-25T04:54:06+11:00,1
2026-06-14T01:24:49.319990+10:00,zDQ8Qj_LuxY,YouTube AU,Aimex Australia,Posttreat Fluoride Filter,fluoride,1,fluoride,,,,Aimex Australia,https://www.youtube.com/watch?v=zDQ8Qj_LuxY,2024-11-01T17:53:16+11:00,1
2026-06-14T01:24:50.468698+10:00,qc8y877b3E4,YouTube AU,GoodAsDone,Fluoride debate divides region,fluoride,1,fluoride,,,,GoodAsDone,https://www.youtube.com/watch?v=qc8y877b3E4,2024-10-12T17:59:18+11:00,1
2026-06-14T01:24:51.675668+10:00,gkX1eYqieF8,YouTube AU,Haqiqat media,fluoride flower festival Canberra australia 2024 part 2,fluoride,1,fluoride,,,,Haqiqat media,https://www.youtube.com/watch?v=gkX1eYqieF8,2024-10-10T09:04:52+11:00,1
2026-06-14T01:24:52.843501+10:00,1sejKnjX6Cg,YouTube AU,Haqiqat media,fluoride festival Canberra australia 2024  part 1,fluoride,1,fluoride,,,,Haqiqat media,https://www.youtube.com/watch?v=1sejKnjX6Cg,2024-10-09T08:25:16+11:00,1
2026-06-14T01:24:55.257604+10:00,cI_6EQ2s2Ro,YouTube AU,Genuine Tech,"Boka Fluoride Free Toothpaste, Nano — Worth It? 2026",fluoride,1,fluoride,,,,Genuine Tech,https://www.youtube.com/watch?v=cI_6EQ2s2Ro,2026-05-14T04:21:20+10:00,1
2026-06-14T01:24:56.420379+10:00,e1Vjwg1FTVw,YouTube AU,pat.the.dentist,The BEST Fluoride FREE Toothpaste,fluoride,1,fluoride,,,,pat.the.dentist,https://www.youtube.com/watch?v=e1Vjwg1FTVw,2025-03-04T09:11:34+11:00,1
2026-06-14T01:25:00.880455+10:00,7heDD2cLTBM,YouTube AU,Toxic Fluoride,Fluoride Information From Dr. Gerry Curatola - Uploaded For Australian Viewers Australian Audiences,fluoride,1,fluoride,,,,Toxic Fluoride,https://www.youtube.com/watch?v=7heDD2cLTBM,2024-04-30T18:49:13+10:00,1
2026-06-14T01:25:03.182259+10:00,3QQoUKddDgo,YouTube AU,Fluoride Free Australia,Port Macquarie-Hastings TV ad - vote YES to STOP toxic fluoridation,fluoridation,1,fluoridation,,,,Fluoride Free Australia,https://www.youtube.com/watch?v=3QQoUKddDgo,2021-07-17T22:57:18+10:00,1
2026-06-14T01:25:05.540219+10:00,puvUZvRgqxg,YouTube AU,Fluoride Free Australia,Professor Paul Connett: Australian Fluoride Tour,fluoride,1,fluoride,,,,Fluoride Free Australia,https://www.youtube.com/watch?v=puvUZvRgqxg,2020-03-19T00:54:49+11:00,1
2026-06-14T01:25:09.295498+10:00,d8FH3qqNDvQ,YouTube AU,Alex goes Coconuts,"6 Natural Toothpaste Brands Reviewed | Fluoride-Free, Vegan, Kid Friendly",fluoride,1,fluoride,fluoride,,,Alex goes Coconuts,https://www.youtube.com/watch?v=d8FH3qqNDvQ,2018-10-13T07:45:05+11:00,1
2026-06-14T01:25:26.153365+10:00,ZC20wb8pTUo,YouTube AU,Faith Culture Politics Australia,Vaccination Conversation - Wendy Daniel,vaccination,1,vaccination,,,,Faith Culture Politics Australia,https://www.youtube.com/watch?v=ZC20wb8pTUo,2026-06-13T10:10:07+10:00,1
2026-06-14T01:25:27.298689+10:00,SKHAQMiNuuE,YouTube AU,Faith Culture Politics Australia,Vaccination Conversation - DR Phillip Altman,vaccination,1,vaccination,,,,Faith Culture Politics Australia,https://www.youtube.com/watch?v=SKHAQMiNuuE,2026-06-13T09:10:09+10:00,1
2026-06-14T01:25:28.390117+10:00,1ECtIBmXcnM,YouTube AU,ABC News (Australia),Why are measles outbreaks rising in the UK and Australia? | ABC NEWS,vaccination,1,vaccination,,,,ABC News (Australia),https://www.youtube.com/watch?v=1ECtIBmXcnM,2026-06-13T06:00:19+10:00,1
2026-06-14T01:25:29.508559+10:00,QMb0NHU5uXA,YouTube AU,M K44,Aisling O Loughlin on Australia Channel9 Karl Stavanovics apology over Vaccine Campaign May 2026,vaccine,1,vaccine,,,,M K44,https://www.youtube.com/watch?v=QMb0NHU5uXA,2026-05-29T05:44:34+10:00,1
2026-06-14T01:25:31.742400+10:00,kgwbK3c_Cos,YouTube AU,The Advertiser,Adelaide University’s ‘vaccine’ for One Nation voters,vaccine,1,vaccine,,,,The Advertiser,https://www.youtube.com/watch?v=kgwbK3c_Cos,2026-05-26T15:28:44+10:00,1
2026-06-14T01:25:32.862123+10:00,B3j2Kvonkns,YouTube AU,MelodyTV,Australia&#39;s Diphtheria Outbreak #Diphtheria #PublicHealth #Outbreak #Vaccination #HealthEquity,vaccination,1,vaccination,,,,MelodyTV,https://www.youtube.com/watch?v=B3j2Kvonkns,2026-05-25T20:57:43+10:00,1
2026-06-14T01:25:33.949618+10:00,1DiwJpoCimU,YouTube AU,ABC News (Australia),Australia&#39;s largest diphtheria outbreak prompts $7.2m federal vaccine blitz | ABC NEWS,vaccine,1,vaccine,,,,ABC News (Australia),https://www.youtube.com/watch?v=1DiwJpoCimU,2026-05-21T20:00:20+10:00,1
2026-06-14T01:25:36.254180+10:00,qkiCpEjm5oU,YouTube AU,SBS News,Vaccination efforts to increase as Australia records more diphtheria cases,vaccination,1,vaccination,,,,SBS News,https://www.youtube.com/watch?v=qkiCpEjm5oU,2026-05-20T21:01:07+10:00,1
2026-06-14T01:25:37.398762+10:00,cEZO1ELY0mc,YouTube AU,Support Services Connect Australia ,Why Are Australian Seniors Suddenly Getting a FREE $300 Vaccine?,vaccine,1,vaccine,,,,Support Services Connect Australia ,https://www.youtube.com/watch?v=cEZO1ELY0mc,2026-05-19T19:57:02+10:00,1
2026-06-14T01:25:38.556983+10:00,o3uRvPJSzCg,YouTube AU,Zishan Farhan,Vaccination in Australia our children is not normal anymore after vaccination in Australia,vaccination,1,vaccination,,,,Zishan Farhan,https://www.youtube.com/watch?v=o3uRvPJSzCg,2026-05-09T22:40:54+10:00,1
2026-06-14T01:25:39.683180+10:00,7guBOFNvVNU,YouTube AU,WAMN News,WA Premier Roger Cook and Health Minister Meredith Hammat makes a vaccination announcement.,vaccination,1,vaccination,,,,WAMN News,https://www.youtube.com/watch?v=7guBOFNvVNU,2026-05-04T17:35:05+10:00,1
2026-06-14T01:25:42.115677+10:00,FaTioUCMp0c,YouTube AU,Sydney Children's Hospitals Network,Childhood vaccines: common myths explained,vaccine,1,vaccine,,,,Sydney Children's Hospitals Network,https://www.youtube.com/watch?v=FaTioUCMp0c,2026-06-12T10:50:42+10:00,1
2026-06-14T01:25:43.281604+10:00,YncjKMPktHw,YouTube AU,Bác Sĩ Phan Đình Hiệp,🦠DỊCH BẠCH HẦU  - Có phải ai cũng được tiêm vaccine miễn phí?,vaccine,1,vaccine,,,,Bác Sĩ Phan Đình Hiệp,https://www.youtube.com/watch?v=YncjKMPktHw,2026-06-11T18:38:27+10:00,1
2026-06-14T01:25:45.517016+10:00,I_uyvbGLqLY,YouTube AU,Marblebah S/G,HPV Vaccine   Dr ZHOU Jian   Brisbane Australia   Chinese subtitles,vaccine,1,vaccine,,,,Marblebah S/G,https://www.youtube.com/watch?v=I_uyvbGLqLY,2026-06-06T16:22:21+10:00,1
2026-06-14T01:25:46.618958+10:00,SUh1HrLxJDI,YouTube AU,Marblebah S/G,HPV Vaccine   Dr ZHOU Jian   Brisbane Australia,vaccine,1,vaccine,,,,Marblebah S/G,https://www.youtube.com/watch?v=SUh1HrLxJDI,2026-06-06T15:59:25+10:00,1
2026-06-14T01:25:47.753065+10:00,yYSoLNith2g,YouTube AU,Choiyie,"Solo Health Day Vlog: Blood Work, Vaccines &amp; Stress Relief Hotpot Train",vaccine,1,vaccine,,,,Choiyie,https://www.youtube.com/watch?v=yYSoLNith2g,2026-05-30T13:00:15+10:00,1
2026-06-14T01:25:50.034976+10:00,vyZI-PR8ls4,YouTube AU,7NEWS Australia,Free nasal flu vaccine expanded to all NSW children | 7NEWS,vaccine,1,vaccine,,,,7NEWS Australia,https://www.youtube.com/watch?v=vyZI-PR8ls4,2026-05-27T18:41:05+10:00,1
2026-06-14T01:25:51.123536+10:00,0wU_8JoqrgI,YouTube AU,7NEWS Australia,The rush to find an Ebola vaccine as the outbreak and death toll grows | 7NEWS,vaccine,1,vaccine,,,,7NEWS Australia,https://www.youtube.com/watch?v=0wU_8JoqrgI,2026-05-24T18:32:37+10:00,1
2026-06-14T01:25:52.216444+10:00,7esYXzRHLYA,YouTube AU,7NEWS Australia,RSV vaccine halves infant hospital admissions | 7NEWS,vaccine,1,vaccine,,,,7NEWS Australia,https://www.youtube.com/watch?v=7esYXzRHLYA,2026-05-14T16:32:23+10:00,1
2026-06-14T01:25:55.969610+10:00,ijlLCF-lsuw,YouTube AU,Newsmax Australia,Alan Jones: We were lied to by Gov &amp; Big Pharma,vaccine,1,vaccine,vaccine,,,Newsmax Australia,https://www.youtube.com/watch?v=ijlLCF-lsuw,2024-01-24T15:48:25+11:00,1
2026-06-14T01:26:03.360933+10:00,Omn3bm2OMlw,YouTube AU,Malcolm Roberts,Where&#39;s the death data for Aged Care Vaccinations?,vaccination,1,vaccination,,,,Malcolm Roberts,https://www.youtube.com/watch?v=Omn3bm2OMlw,2022-04-06T10:57:35+10:00,1
2026-06-14T15:52:32.976074+10:00,Z7ysRao9O1w,YouTube AU,Full Measure with Sharyl Attkisson,Pilot pushing for Covid vaccine study,vaccine,1,vaccine,,,,Full Measure with Sharyl Attkisson,https://www.youtube.com/watch?v=Z7ysRao9O1w,2026-06-07T05:43:22+10:00,1
2026-06-14T15:52:35.501767+10:00,iV8y3nxojeE,YouTube AU,The Bony Nurse,Don&#39;t Let Flu Season Ruin Your Winter — Get Vaccinated Now! #vaccine #australia #health #fluseason,vaccine,1,vaccine,,,,The Bony Nurse,https://www.youtube.com/watch?v=iV8y3nxojeE,2026-05-01T12:39:54+10:00,1
2026-06-14T15:52:41.637312+10:00,_N0hV2tr_s8,YouTube AU,9 News Australia,"Death investigated for vaccine link, Prince Philip&#39;s funeral plans | 9 News Australia",vaccine,1,vaccine,,,,9 News Australia,https://www.youtube.com/watch?v=_N0hV2tr_s8,2021-04-16T11:22:58+10:00,1
2026-06-15T16:28:18.923753+10:00,keL0k3fFbBk,YouTube AU,Between The Lines - Podcast & Media,Australia&#39;s Crisis: Medical Freedom Fight Exposed #shorts,vaccine,1,vaccine,,,,Between The Lines - Podcast & Media,https://www.youtube.com/watch?v=keL0k3fFbBk,2026-06-15T02:55:42+10:00,1
2026-06-15T16:28:21.342251+10:00,LlCZjPOHHrY,YouTube AU,Time To Talk Australia,Disco - A 2020 Minogue Vaccine,vaccine,1,vaccine,,,,Time To Talk Australia,https://www.youtube.com/watch?v=LlCZjPOHHrY,2026-06-15T10:23:58+10:00,1
2026-06-15T16:28:22.430417+10:00,jpunHbZ2i0w,YouTube AU,Karens Gone Wild,Meathead Male-Karen Attacks Car With A Boomerang,vaccine,1,vaccine,,,,Karens Gone Wild,https://www.youtube.com/watch?v=jpunHbZ2i0w,2026-06-15T05:00:36+10:00,1
2026-06-16T16:36:31.238653+10:00,hG541nLkzVw,YouTube AU,"J ""Fast AF"" Whiite",Shingles Vaccine Stops Alzheimers,vaccine,1,vaccine,,,,"J ""Fast AF"" Whiite",https://www.youtube.com/watch?v=hG541nLkzVw,2026-06-16T09:57:41+10:00,1
2026-06-16T16:36:32.342518+10:00,V26RBoYCEvo,YouTube AU,DEVON PAW SHELTER ,"could you please donate $50 for food and vaccination for this month, donate our link in bio 🙏",vaccination,1,vaccination,,,,DEVON PAW SHELTER ,https://www.youtube.com/watch?v=V26RBoYCEvo,2026-06-16T00:01:58+10:00,1
2026-06-16T16:36:33.421495+10:00,fZZmqfJW4Mw,YouTube AU,DEVON PAW SHELTER ,"could you please donate $50 for food and vaccination for this month, donate our link in bio 🙏",vaccination,1,vaccination,,,,DEVON PAW SHELTER ,https://www.youtube.com/watch?v=fZZmqfJW4Mw,2026-06-16T00:02:49+10:00,1
2026-06-17T16:15:50.149531+10:00,8ZK8U0GGxrI,YouTube AU,ThemFilesTV,Shingles Vaccine Fights Alzheimers,vaccine,1,vaccine,,,,ThemFilesTV,https://www.youtube.com/watch?v=8ZK8U0GGxrI,2026-06-17T06:58:14+10:00,1
2026-06-18T15:58:44.706411+10:00,FnhfNDG1w8w,YouTube AU,"Australian Dept of Health, Disability and Ageing","Get Ready for Winter. Get Vaccinated – 30 second advertisement (Flu, COVID-19 and RSV)",vaccination,1,vaccination,,,,"Australian Dept of Health, Disability and Ageing",https://www.youtube.com/watch?v=FnhfNDG1w8w,2026-06-16T14:34:08+10:00,1
2026-06-19T16:24:23.872057+10:00,vBm-YU-lur0,YouTube AU,Ask Dr. Mia- Navigating Dementia Caregiving,A Vaccine for Dementia? #shingles #dementia #vaccine #vaccineresearch #heart #hearthealth,"vaccination, vaccine",2,"vaccination, vaccine",,,,Ask Dr. Mia- Navigating Dementia Caregiving,https://www.youtube.com/watch?v=vBm-YU-lur0,2026-04-29T08:09:46+10:00,2
2026-06-19T16:24:19.508805+10:00,XSjMPhVtDfU,YouTube AU,Pinay Prenny in South Australia,Got my free flu vaccine today #daily #vlog #youtube #shorts,vaccine,1,vaccine,,,,Pinay Prenny in South Australia,https://www.youtube.com/watch?v=XSjMPhVtDfU,2026-06-18T17:30:26+10:00,1
2026-06-19T16:24:20.572666+10:00,flm8e7iVxQU,YouTube AU,"Australian Dept of Health, Disability and Ageing","Get Ready for Winter. Get Vaccinated – 15 second advertisement (Flu, COVID-19 and RSV)",vaccination,1,vaccination,,,,"Australian Dept of Health, Disability and Ageing",https://www.youtube.com/watch?v=flm8e7iVxQU,2026-06-16T14:34:09+10:00,1
2026-06-19T16:24:21.631657+10:00,Esh9a2gWsio,YouTube AU,A Current Affair,Compensation fails woman injured by COVID vaccine | A Current Affair,vaccine,1,vaccine,,,,A Current Affair,https://www.youtube.com/watch?v=Esh9a2gWsio,2026-04-29T19:22:49+10:00,1
2026-06-19T16:24:22.753836+10:00,Za76G-j5HGs,YouTube AU,A Current Affair,Compensation fails woman injured by COVID vaccine | A Current Affair,vaccine,1,vaccine,,,,A Current Affair,https://www.youtube.com/watch?v=Za76G-j5HGs,2026-04-29T17:19:51+10:00,1
2026-06-19T16:24:24.970864+10:00,3v8t8oeJGdc,YouTube AU,9 News Australia,Plummeting vaccine rates trigger national campaign | 9 News Australia,vaccine,1,vaccine,vaccine,,,9 News Australia,https://www.youtube.com/watch?v=3v8t8oeJGdc,2026-04-26T19:57:36+10:00,1
2026-06-20T15:17:56.997203+10:00,a514xato-lQ,YouTube AU,iOLANDE MELODY,My Experience with Fluoride Free Toothpaste … the results will SHOCK you!,"fluoride, fluoridation, fluoride water filter",3,fluoride,"fluoridation, fluoride, fluoride water filter",,,iOLANDE MELODY,https://www.youtube.com/watch?v=a514xato-lQ,2022-12-21T06:00:01+11:00,7
2026-06-20T15:17:52.116861+10:00,Q-Cv1UcYxnU,YouTube AU,Fluoride Free Australia,Top 10 Reasons to STOP Fluoridation,fluoridation,1,fluoridation,,,,Fluoride Free Australia,https://www.youtube.com/watch?v=Q-Cv1UcYxnU,2021-09-01T12:09:16+10:00,1
2026-06-20T15:17:54.543083+10:00,cNvdr_LVEKc,YouTube AU,Aimex Australia,Postreat Fluoride Filter Installation,fluoride,1,fluoride,,,,Aimex Australia,https://www.youtube.com/watch?v=cNvdr_LVEKc,2024-09-29T20:41:31+10:00,1
2026-06-20T15:18:04.534554+10:00,p-oJLoHyAeI,YouTube AU,ThemFilesTV,Australia Eliminated Cervical Cancer,vaccine,1,vaccine,,,,ThemFilesTV,https://www.youtube.com/watch?v=p-oJLoHyAeI,2026-06-20T06:55:39+10:00,1
2026-06-20T15:18:05.628010+10:00,VGJqLk8tXZI,YouTube AU,10 News,Warning Over Falling HPV Vaccine Rates Despite Cancer Breakthrough | 10 News+,vaccine,1,vaccine,,,,10 News,https://www.youtube.com/watch?v=VGJqLk8tXZI,2026-06-19T18:36:48+10:00,1
2026-06-20T15:18:06.747505+10:00,h89IKNcBzMg,YouTube AU,"Australian Dept of Health, Disability and Ageing",Winter Vaccination – Health Professional Video - Dr Ines Rio - Social,vaccination,1,vaccination,,,,"Australian Dept of Health, Disability and Ageing",https://www.youtube.com/watch?v=h89IKNcBzMg,2026-06-18T12:26:52+10:00,1
2026-06-20T15:18:09.197682+10:00,xCJOTy_Axmg,YouTube AU,Thrive Australia,Your 2026 Vaccine Guide: Free for Aussie Seniors (65+),vaccine,1,vaccine,,,,Thrive Australia,https://www.youtube.com/watch?v=xCJOTy_Axmg,2026-06-20T05:00:17+10:00,1
2026-06-20T15:18:10.300961+10:00,M8D9jWh5bFk,YouTube AU,10 News,"The Vaccine Saving Lives, A Robot Climbing Everest &amp; A Football Feud Goes Global | 10 News+",vaccine,1,vaccine,,,,10 News,https://www.youtube.com/watch?v=M8D9jWh5bFk,2026-06-19T18:33:03+10:00,1
2026-06-21T16:05:23.403096+10:00,Ri7G1C0w2mg,YouTube AU,Marcus Denning,The truth about fluoride in Australia&#39;s water,"fluoride, fluoride free australia, fluoride water filter, mass medication fluoride, vaccination",5,fluoride,"fluoride, fluoride free australia, fluoride water filter, mass medication fluoride, vaccination",,,Marcus Denning,https://www.youtube.com/watch?v=Ri7G1C0w2mg,2016-02-29T11:47:02+11:00,17
2026-06-21T16:05:30.461558+10:00,Zk8OVcGaReo,YouTube AU,TheSteepSix,Fluoride Truth on Australian TV,"fluoridation, fluoride, fluoride free australia, fluoride water filter, mass medication fluoride",5,"fluoridation, fluoride","fluoride, fluoride free australia, fluoride water filter, mass medication fluoride",,,TheSteepSix,https://www.youtube.com/watch?v=Zk8OVcGaReo,2010-10-10T12:11:03+11:00,17
2026-06-21T16:05:29.267821+10:00,h2ZK21eXpF4,YouTube AU,FluorideFreeWA Perth,"Fluoride Free WA second anniversary address by Dr. Paul Connett in Perth, Western Australia","fluoride, fluoride free australia",2,"fluoride, fluoride free australia","fluoride, fluoride free australia",,,FluorideFreeWA Perth,https://www.youtube.com/watch?v=h2ZK21eXpF4,2013-02-12T03:52:09+11:00,6
2026-06-21T16:05:35.546176+10:00,ewbpijvKRKs,YouTube AU,Aimex Australia,Phoenix Water Install POSTreat Fluoride Filter,"fluoride, fluoride water filter",2,"fluoride, fluoride water filter",,,,Aimex Australia,https://www.youtube.com/watch?v=ewbpijvKRKs,2024-11-16T09:35:12+11:00,6
2026-06-21T16:05:36.727316+10:00,69JRIcibe64,YouTube AU,Rank On Top,✅ TOP 7 Best Under Sink Water Filters for City Water [2026] 💧 Reverse Osmosis &amp; Fluoride Removal,"fluoride, fluoride water filter",2,"fluoride, fluoride water filter","fluoride, fluoride water filter",,,Rank On Top,https://www.youtube.com/watch?v=69JRIcibe64,2024-10-16T06:15:00+11:00,6
2026-06-21T16:05:37.992712+10:00,TomllAafMt8,YouTube AU,Water Filter Guru,"Best Fluoride Water Filters (Unbiased, Data-Driven Review)","fluoride, fluoride water filter",2,"fluoride, fluoride water filter","fluoride, fluoride water filter",,,Water Filter Guru,https://www.youtube.com/watch?v=TomllAafMt8,2024-08-12T05:00:16+10:00,6
2026-06-21T16:05:39.243525+10:00,TAE8YAzcar8,YouTube AU,Water Filter Guru,This WHOLE HOUSE Water Filter Removes FLUORIDE &amp; PFAS (forever chemicals),"fluoride, fluoride water filter",2,"fluoride, fluoride water filter","fluoride, fluoride water filter",,,Water Filter Guru,https://www.youtube.com/watch?v=TAE8YAzcar8,2024-06-03T05:00:13+10:00,6
2026-06-21T16:05:19.710740+10:00,7rGelphi4HY,YouTube AU,Toxic Fluoride,Fluoride Intake and Pineal Gland Calcification - Uploaded for Australian Audiences,fluoride,1,fluoride,,,,Toxic Fluoride,https://www.youtube.com/watch?v=7rGelphi4HY,2024-07-13T19:24:59+10:00,1
2026-06-21T16:05:20.869891+10:00,EnxlsgND6yc,YouTube AU,Miningcomau,ABx Group Helping Herald a &#39;Major&#39; Alumium Fluoride Opportunity for Australia,fluoride,1,fluoride,,,,Miningcomau,https://www.youtube.com/watch?v=EnxlsgND6yc,2023-12-13T16:01:00+11:00,1
2026-06-21T16:05:22.048035+10:00,i6BWzaQTPQM,YouTube AU,Adelaide UHF,"Australians don&#39;t want fluoride, but the government is persistent",fluoride,1,fluoride,,,,Adelaide UHF,https://www.youtube.com/watch?v=i6BWzaQTPQM,2019-03-25T03:48:09+11:00,1
2026-06-21T16:05:24.559518+10:00,IlrrlxeYh2c,YouTube AU,WakeUpAlert,Fluoride Report Australia Today Tonight Channel 7,fluoride,1,fluoride,,,,WakeUpAlert,https://www.youtube.com/watch?v=IlrrlxeYh2c,2015-12-25T08:24:37+11:00,1
2026-06-21T16:05:25.715915+10:00,kYpX3_JSrLg,YouTube AU,WakeUpAlert,"Fluoride Australia stop using it now,  Today Tonight Show",fluoride,1,fluoride,,,,WakeUpAlert,https://www.youtube.com/watch?v=kYpX3_JSrLg,2015-12-25T08:00:40+11:00,1
2026-06-21T16:05:26.905584+10:00,M0ti0ofOK8Q,YouTube AU,TOTT News,Fluoride in Australia: Queensland fighting back | ARP,fluoride,1,fluoride,fluoride,,,TOTT News,https://www.youtube.com/watch?v=M0ti0ofOK8Q,2014-12-05T20:40:45+11:00,1
2026-06-21T16:05:28.078134+10:00,qOetnH03o8c,YouTube AU,Jason Active,Fraser Coast Council in Australia Votes To Remove Fluoride From Town Water Supply,fluoride,1,fluoride,,,,Jason Active,https://www.youtube.com/watch?v=qOetnH03o8c,2013-02-23T19:49:05+11:00,1
2026-06-21T16:05:31.625184+10:00,GnJDjRfFhrk,YouTube AU,mcsglobalcampaign,Fluoride Exposé on Australian TV in 2008,fluoride,1,fluoride,,,,mcsglobalcampaign,https://www.youtube.com/watch?v=GnJDjRfFhrk,2010-10-08T15:48:31+11:00,1
2026-06-21T16:05:45.356750+10:00,QNn2sQN0sXQ,YouTube AU,"J ""Fast AF"" Whiite",Australia Eliminated Cervical Cancer With Vaccines,vaccine,1,vaccine,,,,"J ""Fast AF"" Whiite",https://www.youtube.com/watch?v=QNn2sQN0sXQ,2026-06-21T06:40:16+10:00,1
2026-06-22T16:32:19.799917+10:00,dTvqH_tliNc,YouTube AU,10 News,The Vaccine That Could Eliminate Cervical Cancer | 10 News+,"vaccination, vaccine",2,"vaccination, vaccine",,,,10 News,https://www.youtube.com/watch?v=dTvqH_tliNc,2026-06-21T19:45:02+10:00,2
2026-06-22T16:32:20.864865+10:00,gQRtD1whfeM,YouTube AU,"Australian Dept of Health, Disability and Ageing",Winter Vaccination – Community voices - Social,vaccination,1,vaccination,,,,"Australian Dept of Health, Disability and Ageing",https://www.youtube.com/watch?v=gQRtD1whfeM,2026-06-19T14:35:34+10:00,1
2026-06-23T15:04:17.633513+10:00,_ijAdzGz8Ew,YouTube AU,Rockey vlogs,Drinking water filter machine in Australia #water #australia #shorts,"fluoride, fluoride water filter",2,"fluoride, fluoride water filter",,,,Rockey vlogs,https://www.youtube.com/watch?v=_ijAdzGz8Ew,2026-06-22T17:38:04+10:00,6
2026-06-24T15:04:33.150000+10:00,fPjYgWTd17E,YouTube AU,FluorideFreeWA Perth,Fluoride Free WA Presents  Dr Paul Connett The Case Against Fluoride (part 1 of 4),"fluoridation, fluoride",2,"fluoridation, fluoride",,,,FluorideFreeWA Perth,https://www.youtube.com/watch?v=fPjYgWTd17E,2015-03-01T23:06:55+11:00,2
2026-06-24T15:04:42.115352+10:00,yQiIDbUMB6U,YouTube AU,Occupied with Mr. Cox,Vaccine Study Shock: 20 Million People Data Revealed!,vaccine,1,vaccine,,,,Occupied with Mr. Cox,https://www.youtube.com/watch?v=yQiIDbUMB6U,2026-06-24T00:30:25+10:00,1
2026-06-24T15:04:43.280727+10:00,BeKEFH7Db7c,YouTube AU,Unstress Health with Dr Ron Ehrlich,Australian Vaccine Efficacy and Long-Term Benefits,vaccine,1,vaccine,,,,Unstress Health with Dr Ron Ehrlich,https://www.youtube.com/watch?v=BeKEFH7Db7c,2026-04-22T16:03:31+10:00,1
2026-06-25T15:08:16.321460+10:00,HYvyQ0qU-nU,YouTube AU,Water Filter Guru,Do THIS to REMOVE FLUORIDE from Water at Home,"fluoride, fluoride free australia, fluoride water filter, fluoride byproduct",4,fluoride,"fluoride, fluoride free australia, fluoride water filter, fluoride byproduct",,,Water Filter Guru,https://www.youtube.com/watch?v=HYvyQ0qU-nU,2022-10-28T09:27:07+11:00,16
2026-06-25T15:08:21.292077+10:00,Z43z3zEmVMw,YouTube AU,Water Filter Guru,Discover the Best Water Filter for Fluoride Removal,"fluoride, fluoride water filter",2,"fluoride, fluoride water filter",,,,Water Filter Guru,https://www.youtube.com/watch?v=Z43z3zEmVMw,2025-06-25T05:02:56+10:00,6
2026-06-26T15:11:32.845094+10:00,o5KXBK2SRwM,YouTube AU,"Australian Dept of Health, Disability and Ageing",Winter Vaccination – Health Professional Video - Pharmacists,vaccination,1,vaccination,,,,"Australian Dept of Health, Disability and Ageing",https://www.youtube.com/watch?v=o5KXBK2SRwM,2026-06-26T12:19:31+10:00,1
2026-06-26T15:11:35.441540+10:00,f03ckxPNSMo,YouTube AU,"Peter A. McCullough, MD, MPH™","Using COVID-19 Precedent, Moderna Scrapped Preclinical Testing for RSV and Influenza Vaccines",vaccine,1,vaccine,,,,"Peter A. McCullough, MD, MPH™",https://www.youtube.com/watch?v=f03ckxPNSMo,2026-06-25T23:06:54+10:00,1
2026-06-27T14:56:21.529575+10:00,NxDL1EcfrCA,YouTube AU,Toxic Fluoride,Biochemist Dr. Dean Burk Of The National Cancer Institute TV Interview Fluoride Causes Cancer,fluoride,1,fluoride,,,,Toxic Fluoride,https://www.youtube.com/watch?v=NxDL1EcfrCA,2024-06-29T09:22:59+10:00,1
2026-06-27T14:56:31.479489+10:00,iIum5-GwldE,YouTube AU,Loreta farmer in Australia,Vaccine for the lambs,vaccine,1,vaccine,,,,Loreta farmer in Australia,https://www.youtube.com/watch?v=iIum5-GwldE,2026-06-26T20:36:40+10:00,1
2026-06-28T15:20:22.258129+10:00,5arKeyJx9J8,YouTube AU,Peak Prosperity,Australia’s SPOTLIGHT Program Opens The Floodgates On Vaccine Injury - Peak Prosperity,"vaccine, vaccination, pharma vaccine lying, vaccine less than natural immunity",4,vaccine,"vaccination, vaccine, pharma vaccine lying, vaccine less than natural immunity",,,Peak Prosperity,https://www.youtube.com/watch?v=5arKeyJx9J8,2024-07-03T09:40:07+10:00,12
2026-06-28T15:20:09.621946+10:00,5P1_ZG4GV3E,YouTube AU,ABC News In-depth,The agonising pain of COVID vaccination injury victims | 7.30,"vaccination, vaccine",2,"vaccination, vaccine",,,,ABC News In-depth,https://www.youtube.com/watch?v=5P1_ZG4GV3E,2026-04-02T21:00:08+11:00,2
2026-06-28T15:20:10.824017+10:00,wa1o4eIMqK0,YouTube AU,9 News Australia,Jab-free flu vaccinations now available | 9 News Australia,"vaccination, vaccine",2,"vaccination, vaccine",,,,9 News Australia,https://www.youtube.com/watch?v=wa1o4eIMqK0,2026-03-23T14:25:21+11:00,2
2026-06-28T15:20:12.020783+10:00,gxFQqXham2c,YouTube AU,Dr Trozzi,The Data on Australia’s Population After the COVID “Vaccine”,"vaccine, vaccine death data",2,"vaccine, vaccine death data",vaccine,,,Dr Trozzi,https://www.youtube.com/watch?v=gxFQqXham2c,2026-03-04T05:00:44+11:00,6
2026-06-28T15:20:28.086149+10:00,EWLCp79AxM8,YouTube AU,FRANCE 24 English,Australia denies entry to tennis champ Djokovic amid vaccine spat • FRANCE 24 English,"vaccine, vaccination",2,vaccine,"vaccination, vaccine",,,FRANCE 24 English,https://www.youtube.com/watch?v=EWLCp79AxM8,2022-01-06T14:17:00+11:00,2
2026-06-28T15:20:08.527754+10:00,XXLFmsokz8k,YouTube AU,Australia Truth Point,"⚠️ Senate Votes DOWN Bill Against Jab Discrimination – What Labor, Greens &amp; Crossbench Did Next!",vaccination,1,vaccination,,,,Australia Truth Point,https://www.youtube.com/watch?v=XXLFmsokz8k,2026-06-28T02:00:04+10:00,1
2026-06-28T15:20:13.161586+10:00,b7SRKvkZwSk,YouTube AU,7NEWS Australia,Parents could soon get free access to a lifesaving vaccine for children | 7NEWS,vaccine,1,vaccine,,,,7NEWS Australia,https://www.youtube.com/watch?v=b7SRKvkZwSk,2025-12-09T19:30:51+11:00,1
2026-06-28T15:20:14.293401+10:00,7W0Eg64_6f4,YouTube AU,10 News,Alarming Reasons Australia’s Childhood Vaccination Rates At Decade Low | 10 News,vaccination,1,vaccination,,,,10 News,https://www.youtube.com/watch?v=7W0Eg64_6f4,2025-09-26T17:47:54+10:00,1
2026-06-28T15:20:15.434364+10:00,k4NAcCL1mHU,YouTube AU,ABC News In-depth,Inside the ‘never-ending’ fight for COVID vaccine injury compensation | 7.30,vaccine,1,vaccine,,,,ABC News In-depth,https://www.youtube.com/watch?v=k4NAcCL1mHU,2025-09-25T06:00:38+10:00,1
2026-06-28T15:20:16.532957+10:00,mMQaoaYe0WU,YouTube AU,Reuters,Australia approves chlamydia vaccine for koalas,vaccine,1,vaccine,,,,Reuters,https://www.youtube.com/watch?v=mMQaoaYe0WU,2025-09-15T00:01:14+10:00,1
2026-06-28T15:20:17.630882+10:00,-SXuJIxQGw0,YouTube AU,7NEWS Australia,Declining childhood vaccination rates raise concerns in Australia | 7NEWS,vaccination,1,vaccination,,,,7NEWS Australia,https://www.youtube.com/watch?v=-SXuJIxQGw0,2025-05-16T13:47:46+10:00,1
2026-06-28T15:20:18.722471+10:00,UoyeiNBt44Q,YouTube AU,Guardian Australia,What do measles outbreaks overseas mean for Australia? #shorts #news #health #vaccination #measles,vaccination,1,vaccination,,,,Guardian Australia,https://www.youtube.com/watch?v=UoyeiNBt44Q,2025-04-01T15:02:07+11:00,1
2026-06-28T15:20:19.822272+10:00,wv_vrXSJCHA,YouTube AU,The Sydney Morning Herald and The Age,Departing US ambassador Caroline Kennedy blasts vaccine views of cousin Robert F. Kennedy Jr.,vaccine,1,vaccine,,,,The Sydney Morning Herald and The Age,https://www.youtube.com/watch?v=wv_vrXSJCHA,2024-11-18T18:48:22+11:00,1
2026-06-28T15:20:20.955408+10:00,YRp-1NgI8IM,YouTube AU,60 Minutes Australia,Confronting the &#39;experts&#39; spreading vaccine misinformation | 60 Minutes Australia,vaccine,1,vaccine,,,,60 Minutes Australia,https://www.youtube.com/watch?v=YRp-1NgI8IM,2024-08-17T04:30:26+10:00,1
2026-06-28T15:20:23.364731+10:00,_bjzWUkVknQ,YouTube AU,ABC News (Australia),World&#39;s largest study in COVID vaccine side-effects | ABC News,vaccine,1,vaccine,,,,ABC News (Australia),https://www.youtube.com/watch?v=_bjzWUkVknQ,2024-02-26T13:19:29+11:00,1
2026-06-28T15:20:24.500653+10:00,zmDemtSDvng,YouTube AU,GapMedia,"Australian Senator, talks vaccine injuries and the truth. MUST WATCH",vaccine,1,vaccine,,,,GapMedia,https://www.youtube.com/watch?v=zmDemtSDvng,2022-12-28T10:44:19+11:00,1
2026-06-28T15:20:25.603846+10:00,gRiDgasJDNs,YouTube AU,9 News Australia,Top doctor says she suffered COVID-19 vaccine injury | 9 News Australia,vaccine,1,vaccine,,,,9 News Australia,https://www.youtube.com/watch?v=gRiDgasJDNs,2022-12-21T12:40:00+11:00,1
2026-06-28T15:20:26.878002+10:00,GRQ5Jc26_Rg,YouTube AU,Sky News Australia,South Australia&#39;s CHO mobbed by anti-vaccine mandate protesters,vaccine,1,vaccine,vaccine,,,Sky News Australia,https://www.youtube.com/watch?v=GRQ5Jc26_Rg,2022-04-07T16:15:42+10:00,1
2026-06-29T15:53:14.923009+10:00,p3-wnFZEkTY,YouTube AU,Kirk Kappelhoff,Australia&#39;s COVID Vaccine Scare: False AIDS Positives! #shorts,vaccine,1,vaccine,,,,Kirk Kappelhoff,https://www.youtube.com/watch?v=p3-wnFZEkTY,2026-06-28T17:58:30+10:00,1
2026-06-30T15:06:54.595479+10:00,GerWpohJUzs,YouTube AU,Doctor Mike,Do Babies Really Need The Hep B Vaccine?,"vaccine, vaccination, vaccine death data",3,vaccine,"vaccination, vaccine, vaccine death data",,,Doctor Mike,https://www.youtube.com/watch?v=GerWpohJUzs,2025-10-01T06:38:16+10:00,7
2026-06-30T15:06:55.800424+10:00,WkjpSOcfqPY,YouTube AU,Doctor Yoshi,Baby Vaccines: Risks &amp; Benefits Explained 💉 | Dr. Yoshi Breaks It Down Clearly,"vaccine, pharma vaccine lying",2,vaccine,"vaccine, pharma vaccine lying",,,Doctor Yoshi,https://www.youtube.com/watch?v=WkjpSOcfqPY,2025-01-15T01:07:30+11:00,6
2026-06-30T15:06:59.528900+10:00,oibTHdSPceo,YouTube AU,Ten Ten Health,"Rabies vaccine not 100% protective, watch full video on our channel.","vaccine, vaccination",2,vaccine,"vaccination, vaccine",,,Ten Ten Health,https://www.youtube.com/watch?v=oibTHdSPceo,2022-11-28T20:26:23+11:00,2
2026-06-30T15:06:57.185346+10:00,uFVy3oOYIIg,YouTube AU,CNN,CNN host asks Djokovic if he regrets not getting Covid-19 vaccine,vaccine,1,vaccine,vaccine,,,CNN,https://www.youtube.com/watch?v=uFVy3oOYIIg,2023-03-22T07:01:32+11:00,1
2026-06-30T15:06:58.263834+10:00,mq1Unk_vBdY,YouTube AU,ABC News (Australia),A fifth COVID vaccine will be available to Australian adults this month | ABC News,vaccine,1,vaccine,,,,ABC News (Australia),https://www.youtube.com/watch?v=mq1Unk_vBdY,2023-02-08T20:13:37+11:00,1
2026-07-01T15:24:01.266478+10:00,rBfaLnrhupQ,YouTube AU,The Kids Research Institute Australia,What is FluMist?,vaccine,1,vaccine,,,,The Kids Research Institute Australia,https://www.youtube.com/watch?v=rBfaLnrhupQ,2026-06-30T17:13:46+10:00,1
2026-07-01T15:24:02.350370+10:00,iZT0DAHZo6U,YouTube AU,"Australian Dept of Health, Disability and Ageing",Winter Vaccination – Health Professional Video - Vicky Dermatis,vaccination,1,vaccination,,,,"Australian Dept of Health, Disability and Ageing",https://www.youtube.com/watch?v=iZT0DAHZo6U,2026-06-29T13:47:04+10:00,1
2026-07-02T15:00:24.738972+10:00,JtJhUWfODhg,YouTube AU,9 News Australia,Vaccine bringing koalas back from the brink | 9 News Australia,"vaccination, vaccine",2,"vaccination, vaccine",,,,9 News Australia,https://www.youtube.com/watch?v=JtJhUWfODhg,2026-04-19T18:56:36+10:00,2
2026-07-02T15:00:29.147184+10:00,heT_2fNIHKM,YouTube AU,Meg Faure,Vaccine Check: Australia&#39;s Meningococcal B &amp; More #shorts,"vaccination, vaccine",2,"vaccination, vaccine",,,,Meg Faure,https://www.youtube.com/watch?v=heT_2fNIHKM,2026-04-13T01:59:44+10:00,2
2026-07-02T15:00:21.119262+10:00,2M_1UROhujw,YouTube AU,Between The Lines - Podcast & Media,Australia&#39;s Crisis: Medical Freedom Fight Exposed #shorts,vaccination,1,vaccination,,,,Between The Lines - Podcast & Media,https://www.youtube.com/watch?v=2M_1UROhujw,2026-07-01T21:03:23+10:00,1
2026-07-02T15:00:22.231637+10:00,Qfj-VF24RFU,YouTube AU,NikExtras,Australian Vaccines,vaccine,1,vaccine,,,,NikExtras,https://www.youtube.com/watch?v=Qfj-VF24RFU,2026-06-28T02:00:30+10:00,1
2026-07-02T15:00:25.801502+10:00,Tka8IrJIIxM,YouTube AU,7NEWS Australia,Jackson Warne blames COVID vaccine for father Shane Warne&#39;s death | 7NEWS,vaccine,1,vaccine,,,,7NEWS Australia,https://www.youtube.com/watch?v=Tka8IrJIIxM,2026-04-14T19:17:34+10:00,1
2026-07-02T15:00:26.935038+10:00,vuy6-8xX0QE,YouTube AU,The Kids Research Institute Australia,Is FluMist an effective vaccine?,vaccine,1,vaccine,,,,The Kids Research Institute Australia,https://www.youtube.com/watch?v=vuy6-8xX0QE,2026-04-14T16:25:57+10:00,1
2026-07-02T15:00:28.030768+10:00,9NsOSFzmc-8,YouTube AU,The Kids Research Institute Australia,FluMist - a new needle-free nasal spray flu vaccine,vaccine,1,vaccine,,,,The Kids Research Institute Australia,https://www.youtube.com/watch?v=9NsOSFzmc-8,2026-04-14T16:26:35+10:00,1
2026-07-02T15:00:30.277152+10:00,D7z-pzwk-GA,YouTube AU,Voi Cefreedom,78‑Page Vaccine Report — Every Word Redacted,vaccine,1,vaccine,,,,Voi Cefreedom,https://www.youtube.com/watch?v=D7z-pzwk-GA,2026-04-09T23:50:06+10:00,1
2026-07-02T15:00:31.396998+10:00,epHEkhaG7DU,YouTube AU,The Voice of Freedom,78‑Page Vaccine Report — Every Word Redacted,vaccine,1,vaccine,,,,The Voice of Freedom,https://www.youtube.com/watch?v=epHEkhaG7DU,2026-04-09T23:50:00+10:00,1
2026-07-03T14:44:16.674768+10:00,XF0MArTC8Fw,YouTube AU,@dr_cois,Does fluoride actually impact brain development? The data is in.,"fluoridation, fluoride",2,"fluoridation, fluoride",,,,@dr_cois,https://www.youtube.com/watch?v=XF0MArTC8Fw,2026-07-03T02:42:45+10:00,2
2026-07-03T14:44:20.494060+10:00,mrOHPrTCxdA,YouTube AU,Alyssia Jodie,Fluoride Free WA Presents: Dr Paul Connett The Case Against Fluoride 1/4 720p,"fluoride, fluoride free australia",2,"fluoride, fluoride free australia",,,,Alyssia Jodie,https://www.youtube.com/watch?v=mrOHPrTCxdA,2015-02-25T11:37:39+11:00,6
2026-07-03T14:44:21.590204+10:00,1SI096yy1ow,YouTube AU,Alyssia Jodie,Fluoride Free WA Presents: Dr Paul Connett The Case Against Fluoride 4/4,"fluoride, fluoride free australia",2,"fluoride, fluoride free australia",,,,Alyssia Jodie,https://www.youtube.com/watch?v=1SI096yy1ow,2015-02-24T19:07:27+11:00,6
2026-07-03T14:44:30.268057+10:00,4TmcmpPcA_8,YouTube AU,thumpsupcouples,Vaccinated 💉 Harvey #vaccine #vaccination #australia #baby,"vaccination, vaccine",2,"vaccination, vaccine",,,,thumpsupcouples,https://www.youtube.com/watch?v=4TmcmpPcA_8,2026-07-02T19:05:14+10:00,2
2026-07-03T14:44:29.188821+10:00,wo1fNVeu7Fs,YouTube AU,Dr Katie,Just do it! Please!! #australia #covid #vaccination... #Shorts #dr.katie.h,vaccination,1,vaccination,,,,Dr Katie,https://www.youtube.com/watch?v=wo1fNVeu7Fs,2026-07-03T10:42:29+10:00,1
2026-07-03T14:44:31.328000+10:00,w56eIKe20jw,YouTube AU,ABC News (Australia),Study finds UK cervical cancer deaths in under-30s virtually zero | ABC NEWS,vaccine,1,vaccine,,,,ABC News (Australia),https://www.youtube.com/watch?v=w56eIKe20jw,2026-06-23T13:15:34+10:00,1
2026-07-03T14:44:33.958419+10:00,pz5VeA_QTAw,YouTube AU,Azeem Shaikh,Meet Australias First Vaccine 4 Islamid - o- phobia 26 #firstwave @PaulineHansonsPleaseExplain,vaccine,1,vaccine,,,,Azeem Shaikh,https://www.youtube.com/watch?v=pz5VeA_QTAw,2026-07-02T20:22:49+10:00,1
2026-07-04T14:38:16.449727+10:00,_AyWKc2hP50,YouTube AU,A Current Affair,Call for state-wide Meningococcal B vaccination | A Current Affair,"vaccination, vaccine, vaccine autism parent group, vaccine death data",4,"vaccination, vaccine","vaccination, vaccine, vaccine autism parent group, vaccine death data",,,A Current Affair,https://www.youtube.com/watch?v=_AyWKc2hP50,2025-11-15T19:17:03+11:00,12
2026-07-04T14:38:05.745779+10:00,RnqwBQhCYXc,YouTube AU,Lankan in Melbourne,හොදටම ඇඩුවා! One year vaccination day,"vaccination, vaccine",2,vaccination,"vaccination, vaccine",,,Lankan in Melbourne,https://www.youtube.com/watch?v=RnqwBQhCYXc,2026-04-29T18:35:23+10:00,2
2026-07-04T14:38:08.037914+10:00,RqAzD832UJI,YouTube AU,9 News Australia,Government&#39;s push to boost vaccination rates | 9 News Australia,"vaccination, vaccine",2,vaccination,"vaccination, vaccine",,,9 News Australia,https://www.youtube.com/watch?v=RqAzD832UJI,2026-04-07T18:46:29+10:00,2
2026-07-04T14:38:15.107002+10:00,bQTzJ5hlGds,YouTube AU,Explore with Priya & Jithin ,Big brother during Vaccination ❤️🥺🥺 #explorewithpriyaandjithin #minivlog #tamil #australia,"vaccination, vaccine",2,vaccination,vaccine,,,Explore with Priya & Jithin ,https://www.youtube.com/watch?v=bQTzJ5hlGds,2025-11-21T13:07:46+11:00,2
2026-07-04T14:38:20.203029+10:00,NSf7q8tkslQ,YouTube AU,Dr. John Campbell,"Mel, vaccine injury","vaccine, vaccine death data",2,vaccine,"vaccine, vaccine death data",,,Dr. John Campbell,https://www.youtube.com/watch?v=NSf7q8tkslQ,2023-04-08T00:45:42+10:00,6
2026-07-04T14:38:04.433587+10:00,DiqcjV0bxSs,YouTube AU,GP ON THE MOVE,Do I Need Vaccines for Bali for GPs?,vaccine,1,vaccine,,,,GP ON THE MOVE,https://www.youtube.com/watch?v=DiqcjV0bxSs,2026-07-04T10:00:33+10:00,1
2026-07-04T14:38:06.886985+10:00,YHaB-4HrooU,YouTube AU,SBS Audio,Health experts recommend: get your flu vaccination - Gesundheitsexperten raten zur Grippeimpfung...,vaccination,1,vaccination,,,,SBS Audio,https://www.youtube.com/watch?v=YHaB-4HrooU,2026-04-09T20:46:31+10:00,1
2026-07-04T14:38:09.127909+10:00,Ac_02gkwvLY,YouTube AU,ABC News (Australia),Childhood vaccination coverage down for fifth year in a row in 2025 | ABC NEWS,vaccination,1,vaccination,,,,ABC News (Australia),https://www.youtube.com/watch?v=Ac_02gkwvLY,2026-04-01T21:15:04+11:00,1
2026-07-04T14:38:10.311537+10:00,l26G-8jmZNA,YouTube AU,7NEWS Australia,Deadly flu strain sparks vaccine push | 7NEWS,vaccine,1,vaccine,,,,7NEWS Australia,https://www.youtube.com/watch?v=l26G-8jmZNA,2026-03-26T19:48:52+11:00,1
2026-07-04T14:38:11.448263+10:00,lB6qldXRGxk,YouTube AU,The Midnight Pharmacy,"A Message from Your Local Pharmacist | Vaccination, Community Care, and Holiday Health",vaccination,1,vaccination,,,,The Midnight Pharmacy,https://www.youtube.com/watch?v=lB6qldXRGxk,2026-02-09T00:42:37+11:00,1
2026-07-04T14:38:12.685923+10:00,f6-D0Ag01OE,YouTube AU,Cafe Locked Out. . .Podcast,"Peter Furlonger. One of the New Forgotton Australians, the MRNA Vaccine Injured",vaccine,1,vaccine,,,,Cafe Locked Out. . .Podcast,https://www.youtube.com/watch?v=f6-D0Ag01OE,2026-01-26T09:51:56+11:00,1
2026-07-04T14:38:13.927041+10:00,w7S8yEf9ycw,YouTube AU,Life of Junejas,Australia Baby Vaccination Reality 🇦🇺#IndianParents #AustraliaVlog #BabyVaccination  #Shorts,vaccination,1,vaccination,,,,Life of Junejas,https://www.youtube.com/watch?v=w7S8yEf9ycw,2025-12-27T14:28:02+11:00,1
2026-07-04T14:38:17.563155+10:00,jKSaaUf1Krs,YouTube AU,7NEWS Australia,Record flu cases as vaccination rates plummet | 7NEWS,vaccination,1,vaccination,,,,7NEWS Australia,https://www.youtube.com/watch?v=jKSaaUf1Krs,2025-10-20T19:18:26+11:00,1
2026-07-05T14:59:32.842277+10:00,bHZYE_lnUAE,YouTube AU,"Australian Dept of Health, Disability and Ageing",Winter Vaccination – Health Professional Video - Dr Ignazio Alberti,vaccination,1,vaccination,,,,"Australian Dept of Health, Disability and Ageing",https://www.youtube.com/watch?v=bHZYE_lnUAE,2026-06-25T16:53:47+10:00,1
2026-07-06T15:14:58.404067+10:00,HswqLQvAwnw,YouTube AU,SBS News,&#39;Vaccine fatigue&#39; leaving Australians vulnerable ahead of flu season,"vaccination, vaccine",2,"vaccination, vaccine",,,,SBS News,https://www.youtube.com/watch?v=HswqLQvAwnw,2026-04-09T21:20:00+10:00,2
2026-07-06T15:15:05.292985+10:00,6xYujVGmAtI,YouTube AU,Dr Chris Ho — No-Hype Health Talk,"US Outbreaks, Australia’s Warning Continues 2026: Measles Vaccine Waning","vaccine, vaccination",2,vaccine,vaccination,,,Dr Chris Ho — No-Hype Health Talk,https://www.youtube.com/watch?v=6xYujVGmAtI,2025-11-13T01:15:06+11:00,2
2026-07-06T15:14:54.533540+10:00,QYBaW5-vz3Y,YouTube AU,Raise Your Frequency,Fluoride in the drinking water. Raise Your Frequency S1.E4 (censored),fluoride,1,fluoride,fluoride,,,Raise Your Frequency,https://www.youtube.com/watch?v=QYBaW5-vz3Y,2019-09-28T02:14:14+10:00,1
2026-07-06T15:14:59.482529+10:00,xO_vfktLuGo,YouTube AU,A Current Affair,Fight for justice after COVID-19 vaccine injury | A Current Affair,vaccine,1,vaccine,,,,A Current Affair,https://www.youtube.com/watch?v=xO_vfktLuGo,2026-03-18T19:18:10+11:00,1
2026-07-06T15:15:00.635965+10:00,RFDLtLdjsHY,YouTube AU,The Australian,Tech entrepreneur uses ChatGPT to create personalised cancer vaccine for his dog,vaccine,1,vaccine,,,,The Australian,https://www.youtube.com/watch?v=RFDLtLdjsHY,2026-03-16T19:30:22+11:00,1
2026-07-06T15:15:01.842330+10:00,LjjKbAYeG-o,YouTube AU,573F4N0,Australian Senator Pauline Hanson went scorched earth on the Covid  Vaccine,vaccine,1,vaccine,,,,573F4N0,https://www.youtube.com/watch?v=LjjKbAYeG-o,2025-12-17T21:05:53+11:00,1
2026-07-06T15:15:03.008438+10:00,AMmDiTrAFGE,YouTube AU,9 News Australia,A new needle-free vaccine arrives after worst flu season on record | 9 News Australia,vaccine,1,vaccine,vaccine,,,9 News Australia,https://www.youtube.com/watch?v=AMmDiTrAFGE,2025-12-05T19:09:17+11:00,1
2026-07-06T15:15:04.106281+10:00,9pRjQ8XOfug,YouTube AU,ABC News (Australia),"Two-dose shingles vaccine slows dementia progression, study shows | ABC NEWS",vaccine,1,vaccine,,,,ABC News (Australia),https://www.youtube.com/watch?v=9pRjQ8XOfug,2025-12-05T12:15:01+11:00,1
2026-07-06T15:15:06.448689+10:00,we2EdTNKUkE,YouTube AU,9 News Australia,NSW Government roll out new nasal-spray flu vaccine | 9 News Australia,vaccine,1,vaccine,,,,9 News Australia,https://www.youtube.com/watch?v=we2EdTNKUkE,2025-09-16T19:04:44+10:00,1
2026-07-06T15:15:07.581444+10:00,Vw6WuqrsS5c,YouTube AU,9 News Australia,Calls for RSV vaccine to be made free for older Australians as cases surge | 9 News Australia,vaccine,1,vaccine,vaccine,,,9 News Australia,https://www.youtube.com/watch?v=Vw6WuqrsS5c,2025-08-07T08:27:03+10:00,1
2026-07-06T15:15:08.706161+10:00,EwuDF076eUs,YouTube AU,9 News Australia,Push to make RSV vaccine free for seniors | 9 News Australia,vaccine,1,vaccine,,,,9 News Australia,https://www.youtube.com/watch?v=EwuDF076eUs,2025-08-06T19:03:29+10:00,1
2026-07-07T14:54:46.593110+10:00,hSBgV2lPaEE,YouTube AU,Sky News Australia,Australia reaches new vaccination milestone,"vaccination, vaccine, vaccine death data",3,"vaccination, vaccine","vaccination, vaccine, vaccine death data",,,Sky News Australia,https://www.youtube.com/watch?v=hSBgV2lPaEE,2022-01-16T23:29:36+11:00,7
2026-07-07T14:54:43.053055+10:00,vOr8tjv8WH4,YouTube AU,ABC News (Australia),More questions over Australia&#39;s vaccination rollout | 7.30,"vaccination, vaccine",2,"vaccination, vaccine",,,,ABC News (Australia),https://www.youtube.com/watch?v=vOr8tjv8WH4,2022-03-29T15:00:19+11:00,2
2026-07-07T14:54:44.220723+10:00,rwa_w33nG0Y,YouTube AU,WION,Australia revises vaccination guidelines: Three doses mandatory for full vaccination | English News,"vaccination, vaccine",2,vaccination,vaccine,,,WION,https://www.youtube.com/watch?v=rwa_w33nG0Y,2022-02-11T23:15:15+11:00,2
2026-07-07T14:54:45.387733+10:00,69XXAilXRfQ,YouTube AU,CityNews,Djokovic deported from Australia over vaccination status,"vaccination, vaccine",2,vaccination,"vaccination, vaccine",,,CityNews,https://www.youtube.com/watch?v=69XXAilXRfQ,2022-01-17T10:55:19+11:00,2
2026-07-07T14:54:48.981700+10:00,zq-MV1MNOW8,YouTube AU,Sky News Australia,&#39;Big difference&#39; between Australia and other nations is vaccination rate,"vaccination, vaccine",2,vaccination,"vaccination, vaccine",,,Sky News Australia,https://www.youtube.com/watch?v=zq-MV1MNOW8,2021-12-14T14:45:56+11:00,2
2026-07-07T14:54:50.129763+10:00,MMAs63IcNYg,YouTube AU,Sky News Australia,Western Australia approaches 80 per cent vaccination rate,"vaccination, vaccine",2,vaccination,"vaccination, vaccine",,,Sky News Australia,https://www.youtube.com/watch?v=MMAs63IcNYg,2021-12-08T16:20:46+11:00,2
2026-07-07T14:54:40.853134+10:00,YmLIw1q70PM,YouTube AU,7NEWS Australia,South Australia&#39;s flu vaccination rates fall as cases rise | 7NEWS,vaccination,1,vaccination,,,,7NEWS Australia,https://www.youtube.com/watch?v=YmLIw1q70PM,2025-06-06T18:44:46+10:00,1
2026-07-07T14:54:41.934646+10:00,B6O2d0-V8CA,YouTube AU,SBS Audio,Understanding vaccination rules for children in Australia | Australia Explained,vaccination,1,vaccination,,,,SBS Audio,https://www.youtube.com/watch?v=B6O2d0-V8CA,2024-10-23T10:27:07+11:00,1
2026-07-07T14:54:47.679892+10:00,KT4MFKZVUl8,YouTube AU,CBC News,Australia cancels Djokovic&#39;s visa over vaccination requirements,vaccination,1,vaccination,,,,CBC News,https://www.youtube.com/watch?v=KT4MFKZVUl8,2022-01-07T01:42:40+11:00,1
2026-07-07T14:54:52.662031+10:00,3d6kEU9unzo,YouTube AU,7NEWS Australia,Vaccine hope for Tasmanian devil survival | 7NEWS,vaccine,1,vaccine,,,,7NEWS Australia,https://www.youtube.com/watch?v=3d6kEU9unzo,2026-07-01T13:07:02+10:00,1
2026-07-08T14:16:57.466935+10:00,5nrKY8MVjxU,YouTube AU,9 News Australia,Could this spell the end of vaccine needles? | 9 News Australia,vaccine,1,vaccine,vaccine,,,9 News Australia,https://www.youtube.com/watch?v=5nrKY8MVjxU,2026-07-07T20:40:49+10:00,1
2026-07-08T14:16:59.983673+10:00,gAoacnH98B0,YouTube AU,Family Cartoon,"E23: Radical DAs, breaking down FB/Google vs. Australia, sustained fear post-vaccine &amp; fan questi...",vaccine,1,vaccine,,,,Family Cartoon,https://www.youtube.com/watch?v=gAoacnH98B0,2026-07-08T02:13:14+10:00,1
2026-07-08T14:17:01.181798+10:00,vZv7P3zxpRk,YouTube AU,9 News Australia,The vaccine patch that could spell the end of needles | 9 News Australia,vaccine,1,vaccine,vaccine,,,9 News Australia,https://www.youtube.com/watch?v=vZv7P3zxpRk,2026-07-07T19:09:33+10:00,1
2026-07-08T14:17:07.483438+10:00,u233FUMJ4jM,YouTube AU,Aaron Fact Mission,Freedom not Fealty Part 1: Ask one question to settle vaccine safety concerns,vaccine,1,vaccine,,,,Aaron Fact Mission,https://www.youtube.com/watch?v=u233FUMJ4jM,2026-07-08T05:29:20+10:00,1
2026-07-09T14:56:24.339496+10:00,Tjdxi-4ajYw,YouTube AU,H NEWS 24x7,"MenB Vaccine Fails to Prevent Gonorrhoea, Study Finds",vaccine,1,vaccine,,,,H NEWS 24x7,https://www.youtube.com/watch?v=Tjdxi-4ajYw,2026-07-09T08:49:31+10:00,1
2026-07-09T14:56:25.470608+10:00,62IrtfuENHw,YouTube AU,"Australian Dept of Health, Disability and Ageing",Winter vaccination – Health professional video - Pharmacists,vaccination,1,vaccination,,,,"Australian Dept of Health, Disability and Ageing",https://www.youtube.com/watch?v=62IrtfuENHw,2026-07-08T12:06:33+10:00,1
2026-07-10T14:54:22.844974+10:00,ipkT6LAnDCE,YouTube AU,"Australian Dept of Health, Disability and Ageing",What is the childhood immunisation schedule?,vaccine,1,vaccine,,,,"Australian Dept of Health, Disability and Ageing",https://www.youtube.com/watch?v=ipkT6LAnDCE,2026-07-10T11:40:15+10:00,1
2026-07-12T14:27:27.859767+10:00,IPFAa0nY8qs,YouTube AU,Dr. Jessie Virga,Australia Eliminates Cervical Cancer: The HPV Vaccine&#39;s Impact #shorts,vaccine,1,vaccine,,,,Dr. Jessie Virga,https://www.youtube.com/watch?v=IPFAa0nY8qs,2026-07-12T09:07:14+10:00,1
2026-07-13T14:33:45.346533+10:00,GTa3qAtqaQM,YouTube AU,9 News Australia,EXCLUSIVE: World-first chlamydia vaccine implant given to wild koala | 9 News Australia,vaccine,1,vaccine,,,,9 News Australia,https://www.youtube.com/watch?v=GTa3qAtqaQM,2026-07-12T19:04:49+10:00,1
2026-07-13T14:33:46.448704+10:00,hf1JJBRQfBY,YouTube AU,Melanie the Midwife,Episode 136 - RSV vaccine in pregnancy,vaccine,1,vaccine,,,,Melanie the Midwife,https://www.youtube.com/watch?v=hf1JJBRQfBY,2026-07-12T17:12:22+10:00,1
2026-07-14T13:58:59.175456+10:00,QzV-jGm2Dt4,YouTube AU,Alyssia Jodie,Fluoride Free WA Presents: Dr Paul Connett The Case Against Fluoride 3/4,"fluoride, fluoride free australia",2,"fluoride, fluoride free australia",,,,Alyssia Jodie,https://www.youtube.com/watch?v=QzV-jGm2Dt4,2015-02-24T19:07:28+11:00,6
2026-07-14T13:59:00.272393+10:00,KPMdaZ7_veU,YouTube AU,Alyssia Jodie,Fluoride Free WA Presents: Dr Paul Connett The Case Against Fluoride 2/4,"fluoride, fluoride free australia",2,"fluoride, fluoride free australia",,,,Alyssia Jodie,https://www.youtube.com/watch?v=KPMdaZ7_veU,2015-02-24T19:07:27+11:00,6
2026-07-14T13:59:09.236272+10:00,eZnrfvYfo1Q,YouTube AU,7NEWS Australia,Ebola vaccine could be ready for clinical trials within months,vaccine,1,vaccine,vaccine,,,7NEWS Australia,https://www.youtube.com/watch?v=eZnrfvYfo1Q,2026-05-24T20:00:42+10:00,1
2026-07-14T13:59:10.299797+10:00,PsG8D_4Wls8,YouTube AU,7NEWS Australia,Free nasal flu vaccine for young children | 7NEWS,vaccine,1,vaccine,,,,7NEWS Australia,https://www.youtube.com/watch?v=PsG8D_4Wls8,2026-04-07T19:26:14+10:00,1
2026-07-16T14:10:57.935874+10:00,qOtdmUCpQh4,YouTube AU,Sky News Australia,Qld Health Minister pleads with councils to add fluoride to water,fluoride,1,fluoride,,,,Sky News Australia,https://www.youtube.com/watch?v=qOtdmUCpQh4,2019-05-08T12:14:26+10:00,1
2026-07-16T14:11:08.139152+10:00,DlCUL5vYijs,YouTube AU,Acupuncture and Coaching by Christian Cristiano,Would You Still Qualify for a COVID Booster in These Countries?,vaccine,1,vaccine,,,,Acupuncture and Coaching by Christian Cristiano,https://www.youtube.com/watch?v=DlCUL5vYijs,2026-07-16T11:40:01+10:00,1
2026-07-16T14:11:09.253049+10:00,4YjdqFUQvAU,YouTube AU,Adelaide University,"Immunity and impact: Vaccines, trust, and global health",vaccine,1,vaccine,,,,Adelaide University,https://www.youtube.com/watch?v=4YjdqFUQvAU,2026-07-16T10:57:01+10:00,1
2026-07-17T14:09:14.361929+10:00,V99lzXS-JFU,YouTube AU,ThankYouWhiteKnights,Truth about Fluoride hits Mainstream TV in Australia 2010-8-5 its a poison Solution $10 Billion Lien,"fluoride, vaccine",2,fluoride,"fluoride, vaccine",,,ThankYouWhiteKnights,https://www.youtube.com/watch?v=V99lzXS-JFU,2010-08-06T20:26:16+10:00,2
2026-07-18T13:57:18.940125+10:00,HfpGKLsFgjQ,YouTube AU,"Jeff Yoo, MD | Emergency Physician",An honest breakdown of the flu shot 💉  #medical #doctor #vaccine,"vaccine, vaccination, vaccine autism parent group, vaccine death data",4,vaccine,"vaccination, vaccine, vaccine autism parent group, vaccine death data",,,"Jeff Yoo, MD | Emergency Physician",https://www.youtube.com/watch?v=HfpGKLsFgjQ,2025-11-21T02:00:25+11:00,12
2026-07-18T13:57:17.753887+10:00,lNTubupxkEM,YouTube AU,Varun Mayya,This Guy Used ChatGPT To Build His Dog A Cancer Vaccine!,"vaccine, vaccination, pharma vaccine lying",3,vaccine,"vaccination, vaccine, pharma vaccine lying",,,Varun Mayya,https://www.youtube.com/watch?v=lNTubupxkEM,2026-03-15T23:35:11+11:00,7
2026-07-18T13:57:11.735655+10:00,Cbz_ndT3o8k,YouTube AU,Indian Overseas,Kids Gettin Vaccines in Australia #vaccine #health #vaccination #australia #storyvlogs #viral #ausie,"vaccination, vaccine",2,"vaccination, vaccine",,,,Indian Overseas,https://www.youtube.com/watch?v=Cbz_ndT3o8k,2026-07-17T18:00:08+10:00,2
2026-07-18T13:57:12.827128+10:00,kQtmfsTBHVI,YouTube AU,"Australian Dept of Health, Disability and Ageing","Winter Vaccination Advertisement – 15 seconds Influenza, COVID-19 and RSV",vaccination,1,vaccination,,,,"Australian Dept of Health, Disability and Ageing",https://www.youtube.com/watch?v=kQtmfsTBHVI,2026-06-15T14:04:45+10:00,1
2026-07-18T13:57:13.940361+10:00,MB_uo-VPoIY,YouTube AU,"Australian Dept of Health, Disability and Ageing","Winter Vaccination Advertisement – 30 seconds Influenza, COVID-19 and RSV",vaccination,1,vaccination,,,,"Australian Dept of Health, Disability and Ageing",https://www.youtube.com/watch?v=MB_uo-VPoIY,2026-06-15T14:05:04+10:00,1
2026-07-18T13:57:16.488365+10:00,BJPDOJBEzHc,YouTube AU,Time To Talk Australia,Disco - A 2020 Minogue Vaccine,vaccine,1,vaccine,,,,Time To Talk Australia,https://www.youtube.com/watch?v=BJPDOJBEzHc,2026-07-18T10:19:27+10:00,1
2026-07-19T14:22:59.833263+10:00,WFPH-AzX9Vk,YouTube AU,David Arvind Condon,FLUORIDATION - Not my Choice,fluoridation,1,fluoridation,,,,David Arvind Condon,https://www.youtube.com/watch?v=WFPH-AzX9Vk,2017-08-22T12:27:34+10:00,1
2026-07-19T14:23:10.028750+10:00,P8OadPcSi4s,YouTube AU,Gday_DrTeah,How do vaccines work? A GP explains the science &amp; common myths in simple language so you understand,vaccine,1,vaccine,,,,Gday_DrTeah,https://www.youtube.com/watch?v=P8OadPcSi4s,2026-07-19T00:11:53+10:00,1
2026-07-19T14:23:12.458689+10:00,ToYbC51ddFo,YouTube AU,AustraliaBriefNews,Malcolm Roberts Spread False Vaccine and Miscarriage Claims,vaccine,1,vaccine,,,,AustraliaBriefNews,https://www.youtube.com/watch?v=ToYbC51ddFo,2026-07-19T14:00:20+10:00,1
2026-07-21T14:17:38.766944+10:00,t1SB1_0_L3Q,YouTube AU,QLDSAFEWATER,Forced Fluoridation: Anna Bligh&#39;s unethical &amp; harmful legacy,"fluoridation, fluoride, fluoride free australia",3,"fluoridation, fluoride","fluoridation, fluoride, fluoride free australia",,,QLDSAFEWATER,https://www.youtube.com/watch?v=t1SB1_0_L3Q,2012-01-13T23:30:25+11:00,7
2026-07-21T14:17:50.157705+10:00,_fTHsMNsTbk,YouTube AU,The Kids Research Institute Australia,Protecting kids &amp; teens from the flu,vaccine,1,vaccine,,,,The Kids Research Institute Australia,https://www.youtube.com/watch?v=_fTHsMNsTbk,2026-07-20T15:51:12+10:00,1
2026-07-22T14:18:56.327171+10:00,_crjuY0o7Ko,YouTube AU,7NEWS Australia,Winter virus peak still ahead as vaccination rates fall | 7NEWS,vaccination,1,vaccination,,,,7NEWS Australia,https://www.youtube.com/watch?v=_crjuY0o7Ko,2026-07-21T18:44:13+10:00,1
2026-07-23T14:17:56.209004+10:00,cCwFM3s_-Dc,YouTube AU,DW News,5 years of COVID vaccines: What&#39;s true? | DW News,"vaccine, vaccination, pharma vaccine lying, vaccine death data, vaccine less than natural immunity",5,vaccine,"vaccination, vaccine, pharma vaccine lying, vaccine death data, vaccine less than natural immunity",,,DW News,https://www.youtube.com/watch?v=cCwFM3s_-Dc,2026-03-10T21:28:57+11:00,17
2026-07-23T14:17:54.872744+10:00,_sv4dlOeT5I,YouTube AU,The Kids Research Institute Australia,What is FluMist?,vaccine,1,vaccine,,,,The Kids Research Institute Australia,https://www.youtube.com/watch?v=_sv4dlOeT5I,2026-04-14T16:26:47+10:00,1
2026-07-24T14:17:00.643275+10:00,4okX-SiNyuY,YouTube AU,TNN,ออสเตรเลียสร้างวัคซีน หนองในเทียมของ “โคอาลา” ฝังใต้ผิว ฉีดทีเดียวได้ถึง 2 l TNN Tech,vaccine,1,vaccine,,,,TNN,https://www.youtube.com/watch?v=4okX-SiNyuY,2026-07-23T20:47:25+10:00,1
2026-07-24T14:17:03.078746+10:00,q7r5rE3iEh0,YouTube AU,TNN Originals,ออสเตรเลียสร้างวัคซีน หนองในเทียมของ “โคอาลา” ฝังใต้ผิว ฉีดทีเดียวได้ถึง 2 l TNN Tech,vaccine,1,vaccine,,,,TNN Originals,https://www.youtube.com/watch?v=q7r5rE3iEh0,2026-07-23T20:51:23+10:00,1
2026-07-25T14:13:19.612963+10:00,DoMEcEvwQZs,YouTube AU,NBC News,Novak Djokovic Visa Rejected In Australia Amid Vaccine Exemption Dispute,"vaccine, vaccination, vaccine less than natural immunity",3,vaccine,"vaccination, vaccine, vaccine less than natural immunity",,,NBC News,https://www.youtube.com/watch?v=DoMEcEvwQZs,2022-01-06T15:00:03+11:00,7
2026-07-25T14:13:18.302384+10:00,-1c_xF52JaY,YouTube AU,Fox News,Tennis star Novak Djokovic stuck in Australia for refusing COVID vaccine,"vaccine, vaccination",2,vaccine,"vaccination, vaccine",,,Fox News,https://www.youtube.com/watch?v=-1c_xF52JaY,2022-01-08T02:45:00+11:00,2
2026-07-25T14:13:20.677057+10:00,JwFBS7taMEQ,YouTube AU,ABC News (Australia),Tracking Australia&#39;s COVID-19 vaccine rollout: December 14 | ABC News,"vaccination, vaccine",2,"vaccination, vaccine",,,,ABC News (Australia),https://www.youtube.com/watch?v=JwFBS7taMEQ,2021-12-14T17:15:00+11:00,2
2026-07-25T14:13:13.637608+10:00,fdBAsc7LPt0,YouTube AU,Western NSW Primary Health Network,Rabies and Australian Bat Lyssavirus Post Exposure Management &amp; Travel Vaccination Update,vaccination,1,vaccination,,,,Western NSW Primary Health Network,https://www.youtube.com/watch?v=fdBAsc7LPt0,2026-07-24T14:31:56+10:00,1
2026-07-25T14:13:16.014217+10:00,kWbKh8t7ICM,YouTube AU,9 News Australia,New personalised cancer vaccine could soon be made available | 9 News Australia,vaccine,1,vaccine,,,,9 News Australia,https://www.youtube.com/watch?v=kWbKh8t7ICM,2023-05-04T11:05:29+10:00,1
2026-07-25T14:13:17.065940+10:00,5AZa6awogFQ,YouTube AU,9 News Australia,NSW government urging ‘priority groups’ to get flu vaccine | 9 News Australia,vaccine,1,vaccine,,,,9 News Australia,https://www.youtube.com/watch?v=5AZa6awogFQ,2023-04-11T19:06:14+10:00,1
2026-07-25T14:13:21.742013+10:00,pkaV3nSBhd0,YouTube AU,9 News Australia,AFL player retires over COVID-19 vaccine stance | Coronavirus | 9 News Australia,vaccine,1,vaccine,,,,9 News Australia,https://www.youtube.com/watch?v=pkaV3nSBhd0,2021-11-14T18:24:31+11:00,1
2026-07-26T14:28:38.754848+10:00,zm9v-QxPq2g,YouTube AU,くつ王アカデミア 感染症解説チャンネル Kutsuo ID Academia,旅行者向け日本脳炎ワクチン意思決定支援ツールは実際の接種率を向上させる　JAMA Network Open,vaccine,1,vaccine,,,,くつ王アカデミア 感染症解説チャンネル Kutsuo ID Academia,https://www.youtube.com/watch?v=zm9v-QxPq2g,2026-07-26T06:45:06+10:00,1
2026-07-27T14:38:28.329842+10:00,vNXwC6tBkRY,YouTube AU,ABC News In-depth,Fourth COVID-19 vaccine available in Australia - how effective are boosters? | The Vaccine| ABC News,"vaccine, vaccination, pharma vaccine lying, vaccine death data, vaccine less than natural immunity",5,vaccine,"vaccination, vaccine, pharma vaccine lying, vaccine death data, vaccine less than natural immunity",,,ABC News In-depth,https://www.youtube.com/watch?v=vNXwC6tBkRY,2022-07-08T20:15:02+10:00,17
2026-07-27T14:38:26.993068+10:00,AGIPyRhMu-s,YouTube AU,Veterinary Secrets,I vaccinated dogs incorrectly  give vaccines this way to avoid side effects,"vaccine, vaccination, vaccine less than natural immunity",3,vaccine,"vaccination, vaccine, vaccine less than natural immunity",,,Veterinary Secrets,https://www.youtube.com/watch?v=AGIPyRhMu-s,2023-06-20T09:24:52+10:00,7
2026-07-27T14:38:24.964768+10:00,4Mh14bjyFFM,YouTube AU,McCullough Foundation,Turbo Cancer Explained: Vaccine Link &amp; Health Solutions,vaccine,1,vaccine,,,,McCullough Foundation,https://www.youtube.com/watch?v=4Mh14bjyFFM,2026-07-27T11:54:56+10:00,1
2026-07-29T14:14:50.704849+10:00,j--u6h-QfnA,YouTube AU,The Sydney Children's Hospitals Network,"Childhood immunisations: Ready, set, protect! with Kristine Macartney",vaccine,1,vaccine,,,,The Sydney Children's Hospitals Network,https://www.youtube.com/watch?v=j--u6h-QfnA,2026-07-29T05:00:03+10:00,1
2026-07-30T13:59:17.817985+10:00,zttRaffvvH8,YouTube AU,John Anderson Media,They Lied About The COVID-19 Vaccine | David Pearl,"vaccine, vaccination",2,vaccine,"vaccination, vaccine",,,John Anderson Media,https://www.youtube.com/watch?v=zttRaffvvH8,2026-07-30T09:56:14+10:00,2
2026-07-31T14:24:40.387745+10:00,a7rYj9TlsgU,YouTube AU,Lillian McDermott Radio Show,"A Case Against Fluoride - Paul Connett, PhD",fluoride,1,fluoride,,,,Lillian McDermott Radio Show,https://www.youtube.com/watch?v=a7rYj9TlsgU,2019-01-19T01:57:59+11:00,1
2026-07-31T14:24:50.260561+10:00,f-cEQ88eQl8,YouTube AU,Telangana pilla in Australia ,    Baby’s First Vaccination in Australia 🇦🇺 | మాకు తెలిసిన షాకింగ్ విషయం! #BabyFirstVaccination ,vaccination,1,vaccination,,,,Telangana pilla in Australia ,https://www.youtube.com/watch?v=f-cEQ88eQl8,2026-07-30T19:33:24+10:00,1
2026-08-01T14:23:24.043826+10:00,WAnJyuXkQn0,YouTube AU,News24,Fauci&#39;s private diary exposes what he &#39;never told the American people&#39; about the vaccine,"vaccine, vaccination",2,vaccine,"vaccination, vaccine",,,News24,https://www.youtube.com/watch?v=WAnJyuXkQn0,2026-07-30T23:19:27+10:00,2
2026-08-01T14:23:20.300689+10:00,KRJ0pK8eo_I,YouTube AU,Nursewind,This Little Boy Tried So Hard Not to Cry During His Vaccine #nursing,vaccine,1,vaccine,,,,Nursewind,https://www.youtube.com/watch?v=KRJ0pK8eo_I,2026-08-01T11:20:36+10:00,1
2026-08-01T14:23:21.417581+10:00,4zPIB_BjK4o,YouTube AU,The Adnan Belushi Conversation,NZ Actor&#39;s Vaccine Injury EXPOSED: It&#39;s Not Long COVID! #shorts,vaccine,1,vaccine,,,,The Adnan Belushi Conversation,https://www.youtube.com/watch?v=4zPIB_BjK4o,2026-07-31T14:58:39+10:00,1
2026-08-03T14:33:05.681294+10:00,f-U14SZfNbA,YouTube AU,Nursewind,The Cry Started One Second After the Vaccine #nursing,vaccine,1,vaccine,,,,Nursewind,https://www.youtube.com/watch?v=f-U14SZfNbA,2026-08-03T12:51:05+10:00,1
2026-08-03T14:33:06.780455+10:00,iTUf9mkjTg0,YouTube AU,Karl,COVID Deaths Spike: Australia&#39;s Vaccine Rollout Mystery Explained #shorts,vaccine,1,vaccine,,,,Karl,https://www.youtube.com/watch?v=iTUf9mkjTg0,2026-08-03T12:47:26+10:00,1
2026-08-03T14:33:09.221671+10:00,bDrXr2nmRv0,YouTube AU,Nursewind,Too Cute and Too Brave During the Vaccine Shot #nursing,vaccine,1,vaccine,,,,Nursewind,https://www.youtube.com/watch?v=bDrXr2nmRv0,2026-08-03T03:30:28+10:00,1
2026-08-04T14:16:48.709622+10:00,XBIVcEH-K2w,YouTube AU,SonnyFaz Exclusives,Covid Vaccine Explained😱 | Sonny Faz #covid19 #vaccine #sonnyfaz,vaccine,1,vaccine,,,,SonnyFaz Exclusives,https://www.youtube.com/watch?v=XBIVcEH-K2w,2026-08-01T07:40:24+10:00,1
2026-08-04T14:16:51.173208+10:00,QXzba3cCM68,YouTube AU,The Executive Espresso Podcast ,No One Prepares You For This: Inside a CEO&#39;s Hardest Year,vaccine,1,vaccine,,,,The Executive Espresso Podcast ,https://www.youtube.com/watch?v=QXzba3cCM68,2026-08-04T08:00:10+10:00,1
2026-08-05T14:13:30.882697+10:00,803wD2oWoBs,YouTube AU,mcsglobalcampaign,Interview about water fluoridation with Dr Doug Everingham (Australian Health Minister 1972-1975),fluoridation,1,fluoridation,fluoridation,,,mcsglobalcampaign,https://www.youtube.com/watch?v=803wD2oWoBs,2010-10-08T16:05:44+11:00,1
2026-08-05T14:13:41.152492+10:00,YV411V5Vgwo,YouTube AU,Karl,COVID Vaccine Deaths Jump: Australia&#39;s Shocking Statistics Revealed #shorts,vaccine,1,vaccine,,,,Karl,https://www.youtube.com/watch?v=YV411V5Vgwo,2026-08-04T15:31:24+10:00,1
2026-08-05T14:13:42.235047+10:00,vim7F2QxECo,YouTube AU,Senator Marielle Smith,Taking Note: Covid-19 Vaccinations,vaccination,1,vaccination,,,,Senator Marielle Smith,https://www.youtube.com/watch?v=vim7F2QxECo,2026-07-21T16:55:00+10:00,1
2026-08-06T14:15:46.005192+10:00,9fsHUeEwXj4,YouTube AU,Connor Long,Bird Flu Emergency: Australia&#39;s Wildlife Vaccination Plan,vaccination,1,vaccination,,,,Connor Long,https://www.youtube.com/watch?v=9fsHUeEwXj4,2026-08-06T07:24:54+10:00,1
2026-08-06T14:15:47.098743+10:00,0iTKhFr_QF0,YouTube AU,Brain Foundation,"COVID-19, Vaccinations &amp; Headache: Symptoms, Interactions &amp; Other Concerns | Prof Tissa Wijeratne",vaccination,1,vaccination,,,,Brain Foundation,https://www.youtube.com/watch?v=0iTKhFr_QF0,2026-08-05T15:20:53+10:00,1
2026-08-07T13:51:45.873904+10:00,l9e6Ja7qvyk,YouTube AU,Sea7 Australia,COVID Vaccine Side Effects Explained? Australian Punjabi Shares His Experience | Podcast,"vaccine, vaccination",2,vaccine,"vaccination, vaccine",,,Sea7 Australia,https://www.youtube.com/watch?v=l9e6Ja7qvyk,2026-08-06T14:57:47+10:00,2
2026-08-07T13:51:48.439003+10:00,ERWIA4z-iu4,YouTube AU,Dr. Kevin Tran,Australia Ran The Same Accidental Dementia Experiment. Same Answer.,vaccine,1,vaccine,,,,Dr. Kevin Tran,https://www.youtube.com/watch?v=ERWIA4z-iu4,2026-08-07T05:03:01+10:00,1
2026-08-07T13:51:49.563499+10:00,58JVXDG2XjM,YouTube AU,WorldBrief,"World News Today | Meta paying far-right and anti-vaccine Facebook page owners, ABC",vaccine,1,vaccine,,,,WorldBrief,https://www.youtube.com/watch?v=58JVXDG2XjM,2026-08-06T15:36:04+10:00,1
2026-08-08T12:55:56.700216+10:00,WggCuzjRRqQ,YouTube AU,Scott Armstrong,No Regrets. None #covid19 #covid #vaccine #vaccines #india #islam #america #australia #japan,vaccine,1,vaccine,,,,Scott Armstrong,https://www.youtube.com/watch?v=WggCuzjRRqQ,2026-08-07T23:18:18+10:00,1
2026-08-10T13:13:26.767436+10:00,2fqFl4Ap114,YouTube AU,Vet Vaccines,Australian vet vaccine regulatory oversight,vaccine,1,vaccine,,,,Vet Vaccines,https://www.youtube.com/watch?v=2fqFl4Ap114,2026-08-10T13:04:29+10:00,1
2026-08-10T13:13:27.899324+10:00,Ce_8AQpigeY,YouTube AU,Vet Vaccines,Funding models,vaccine,1,vaccine,,,,Vet Vaccines,https://www.youtube.com/watch?v=Ce_8AQpigeY,2026-06-28T17:07:11+10:00,1
2026-08-11T13:06:02.297613+10:00,3G85jzi0ja0,YouTube AU,Fluoride Free Australia,History repeating: Dentists and doctors endorsing fluoridation,"fluoridation, fluoride",2,fluoridation,fluoride,,,Fluoride Free Australia,https://www.youtube.com/watch?v=3G85jzi0ja0,2021-10-02T15:39:09+10:00,2
2026-08-11T13:06:12.634683+10:00,dbyMe9-hZKM,YouTube AU,7NEWS Australia,Australia launches bird flu vaccine program for native species | 7NEWS,vaccine,1,vaccine,,,,7NEWS Australia,https://www.youtube.com/watch?v=dbyMe9-hZKM,2026-08-11T12:35:58+10:00,1
2026-08-11T13:06:13.807571+10:00,iBwMMNZE3hg,YouTube AU,The Sydney Morning Herald and The Age,H5N1 bird flu vaccine roll out: Agriculture Minister Julie Collins,vaccine,1,vaccine,,,,The Sydney Morning Herald and The Age,https://www.youtube.com/watch?v=iBwMMNZE3hg,2026-08-11T11:51:07+10:00,1
2026-08-11T13:06:16.322530+10:00,sXApXmIjhp4,YouTube AU,Matthew Layton,BREAKING: Australia begins bird flu vaccine rollout,vaccine,1,vaccine,,,,Matthew Layton,https://www.youtube.com/watch?v=sXApXmIjhp4,2026-08-11T10:57:26+10:00,1
2026-08-12T13:25:07.079681+10:00,7Tm-Zrq-yC0,YouTube AU,Tyrian Pearl Productions,FIRE WATER Official Full Length Documentary,fluoridation,1,fluoridation,,,,Tyrian Pearl Productions,https://www.youtube.com/watch?v=7Tm-Zrq-yC0,2026-08-12T12:30:33+10:00,1
2026-08-12T13:25:16.989361+10:00,b06G4gf5zzk,YouTube AU,7NEWS Australia,Australia rolls out bird flu vaccines for native species | 7NEWS,vaccine,1,vaccine,,,,7NEWS Australia,https://www.youtube.com/watch?v=b06G4gf5zzk,2026-08-11T19:36:56+10:00,1
2026-08-12T13:25:18.098047+10:00,7nFRJ-9q5SA,YouTube AU,7NEWS Australia,Australia begins bird flu vaccinations for native species | 7NEWS,vaccination,1,vaccination,,,,7NEWS Australia,https://www.youtube.com/watch?v=7nFRJ-9q5SA,2026-08-11T17:52:15+10:00,1
2026-08-12T13:25:20.487455+10:00,IOY2cHFOYzk,YouTube AU,Caleb Brooks,Bird Flu Vaccine for Australian Native Birds: Protecting Captive Species,vaccine,1,vaccine,,,,Caleb Brooks,https://www.youtube.com/watch?v=IOY2cHFOYzk,2026-08-12T02:14:15+10:00,1
2026-08-12T13:25:21.577161+10:00,rHvS_M0-khM,YouTube AU,ABC News (Australia),Native birds in captivity to receive first bird flu vaccines in national rollout | ABC NEWS,vaccine,1,vaccine,,,,ABC News (Australia),https://www.youtube.com/watch?v=rHvS_M0-khM,2026-08-11T15:20:10+10:00,1
2026-08-13T13:28:11.269775+10:00,RBg2Bf4VVCM,YouTube AU,Pacific Springs Natural Springwater,Fluoride in Your Drinking Water,fluoride,1,fluoride,,,,Pacific Springs Natural Springwater,https://www.youtube.com/watch?v=RBg2Bf4VVCM,2023-10-17T10:00:18+11:00,1
2026-08-13T13:28:21.311426+10:00,818AG7cPyBI,YouTube AU,Amazing Word Ministries,SCIENCE MADNESS: Australia Enacted Bird Flu Lockdown and Mandatory Vaccination For All Chickens,vaccination,1,vaccination,,,,Amazing Word Ministries,https://www.youtube.com/watch?v=818AG7cPyBI,2026-08-13T06:26:14+10:00,1
2026-08-13T13:28:22.410277+10:00,vq9FBS1vJNg,YouTube AU,Starwood Pet Travel,Pet Rabies Vaccine and Blood Test Validity for International Travel to Australia,vaccine,1,vaccine,,,,Starwood Pet Travel,https://www.youtube.com/watch?v=vq9FBS1vJNg,2026-08-13T03:46:09+10:00,1
2026-08-13T13:28:23.498633+10:00,X8Y319oH4nI,YouTube AU,7NEWS Australia,Largest wildlife vaccination program targets little penguins | 7NEWS,vaccination,1,vaccination,,,,7NEWS Australia,https://www.youtube.com/watch?v=X8Y319oH4nI,2026-08-12T16:46:39+10:00,1
2026-08-13T13:28:24.606040+10:00,Mk0tC-OpGGs,YouTube AU,Funny Goat TV,Crazy Goat Reaction! #australia ,vaccination,1,vaccination,,,,Funny Goat TV,https://www.youtube.com/watch?v=Mk0tC-OpGGs,2026-08-12T08:45:00+10:00,1
2026-08-13T13:28:27.099653+10:00,jx4VmZ66Lb8,YouTube AU,SBS News,Colombia earthquake kills over 160 people | Trump vaccine overhaul | North Korea troops for Russia,vaccine,1,vaccine,vaccine,,,SBS News,https://www.youtube.com/watch?v=jx4VmZ66Lb8,2026-08-11T19:35:59+10:00,1
2026-08-14T13:25:49.787503+10:00,nJRfiH4fNlo,YouTube AU,ABC News (Australia),The world&#39;s biggest wildlife vaccination program begins (on penguins) | ABC NEWS,vaccination,1,vaccination,,,,ABC News (Australia),https://www.youtube.com/watch?v=nJRfiH4fNlo,2026-08-13T19:00:23+10:00,1
2026-08-15T12:15:25.950431+10:00,Lp9IYMkwypo,YouTube AU,Amazing Word Ministries International,BIRD FLU EPIDEMIC: Australia&#39;s Mandatory Vaccination Plan for All Chickens!,vaccination,1,vaccination,,,,Amazing Word Ministries International,https://www.youtube.com/watch?v=Lp9IYMkwypo,2026-08-15T04:33:01+10:00,1
2026-08-16T12:22:23.156495+10:00,sg9bmmsvFzw,YouTube AU,9 News Australia,Bird flu detected in Aussie penguin | 9 News Australia,"vaccination, vaccine",2,vaccination,vaccine,,,9 News Australia,https://www.youtube.com/watch?v=sg9bmmsvFzw,2026-08-15T18:37:33+10:00,2
2026-08-16T12:22:21.958384+10:00,yA4Ol7ea1mM,YouTube AU,TheMediaFactCheckerAustralia,Australia&#39;s H5N1 bird flu outbreak and little penguin vaccination efforts | Media Fact Checker #Shor,vaccination,1,vaccination,,,,TheMediaFactCheckerAustralia,https://www.youtube.com/watch?v=yA4Ol7ea1mM,2026-08-15T19:12:05+10:00,1
2026-08-16T12:22:24.337319+10:00,RbsJjgERL64,YouTube AU,EthicAi,Meta is paying neo-Nazi and anti-vaccine accounts in Australia,vaccine,1,vaccine,,,,EthicAi,https://www.youtube.com/watch?v=RbsJjgERL64,2026-08-15T18:25:58+10:00,1
2026-08-16T12:22:25.549027+10:00,C9w_nHscoZ0,YouTube AU,AussieSpeedingFines1,NSW Police Fired Them Over COVID... Now They Want Them Back,vaccination,1,vaccination,,,,AussieSpeedingFines1,https://www.youtube.com/watch?v=C9w_nHscoZ0,2026-08-10T13:49:30+10:00,1
2026-08-17T12:21:20.288711+10:00,yjTEw0cM3S8,YouTube AU,News24,‘Shameless’: Fauci’s bombshell texts reveal vaccine risk for pregnant women,"vaccine, vaccination, vaccine death data",3,vaccine,"vaccination, vaccine, vaccine death data",,,News24,https://www.youtube.com/watch?v=yjTEw0cM3S8,2026-08-11T18:20:05+10:00,7
2026-08-17T12:21:17.537168+10:00,o9WSa2VSWJk,YouTube AU, Dr Ekram Explains,Can Australia’s First Mass Bird-Flu Vaccination Save Its Little Penguins?,vaccination,1,vaccination,,,, Dr Ekram Explains,https://www.youtube.com/watch?v=o9WSa2VSWJk,2026-08-17T12:00:28+10:00,1
2026-08-17T12:21:21.529038+10:00,L0INHwuYiJI,YouTube AU,PROTHEOLOGIST EXCLUSIVE,AUSTRALIA POST PANDEMIC VACCINE THERAPY JOURNEY — When You STARTED RINGING YOURSELF,vaccine,1,vaccine,,,,PROTHEOLOGIST EXCLUSIVE,https://www.youtube.com/watch?v=L0INHwuYiJI,2026-08-11T13:02:02+10:00,1
2026-08-18T12:17:16.468313+10:00,f30JRiJjryg,YouTube AU,ABC News,What President Trump’s childhood vaccine order means for families,"vaccine, pharma vaccine lying",2,vaccine,"vaccine, pharma vaccine lying",,,ABC News,https://www.youtube.com/watch?v=f30JRiJjryg,2026-08-11T23:02:42+10:00,6
2026-08-18T12:17:09.111068+10:00,7wH_PYpUw7s,YouTube AU,Australia Wale Marwari,Krishua का Vaccination Day 🥺💉 | राजमा-चावल से शुरू हुआ हमारा दिन ❤️ | Family Vlog in Australia 🇦🇺,vaccination,1,vaccination,,,,Australia Wale Marwari,https://www.youtube.com/watch?v=7wH_PYpUw7s,2026-08-18T00:31:10+10:00,1
2026-08-18T12:17:10.374440+10:00,8qz9dyKr9nc,YouTube AU,9 News Australia,Little penguins given bird flu vaccinations as number of cases ramps up | 9 News Australia,vaccination,1,vaccination,,,,9 News Australia,https://www.youtube.com/watch?v=8qz9dyKr9nc,2026-08-17T18:37:20+10:00,1
2026-08-18T12:17:11.637524+10:00,GhR1hfj1654,YouTube AU,7NEWS Australia,World-first penguin vaccination program,vaccination,1,vaccination,,,,7NEWS Australia,https://www.youtube.com/watch?v=GhR1hfj1654,2026-08-17T16:07:42+10:00,1
2026-08-18T12:17:14.082436+10:00,HSEgufloEBc,YouTube AU,Triangle news ,"First Phillip Island Penguin Dies From H5 Bird Flu as Mass Vaccination Begins for More than 5,000 ",vaccination,1,vaccination,,,,Triangle news ,https://www.youtube.com/watch?v=HSEgufloEBc,2026-08-16T14:23:48+10:00,1
2026-08-18T12:17:15.282539+10:00,Xi_3rqNNtOk,YouTube AU,News24,Anthony Fauci’s shock texts reveal warning of vaccine miscarriage risk,vaccine,1,vaccine,,,,News24,https://www.youtube.com/watch?v=Xi_3rqNNtOk,2026-08-12T17:55:49+10:00,1
2026-08-18T12:17:17.702022+10:00,vCaWQZzbHaQ,YouTube AU,Join the Dots: Cutting Through the Noise,Don&#39;t Trust the Headlines: COVID Vaccine&#39;s Dark Secret,vaccine,1,vaccine,vaccine,,,Join the Dots: Cutting Through the Noise,https://www.youtube.com/watch?v=vCaWQZzbHaQ,2026-08-05T21:00:25+10:00,1
2026-08-19T12:20:09.748214+10:00,8dJEUDg3eo8,YouTube AU,Health Shelth,क्या Vaccine बिना Syringe/Injection के लग सकती है? 💉 | Microneedle Patch,vaccine,1,vaccine,,,,Health Shelth,https://www.youtube.com/watch?v=8dJEUDg3eo8,2026-08-19T02:52:22+10:00,1
2026-08-19T12:20:10.904390+10:00,v8BiTPgEghE,YouTube AU,7am,How Trump’s anti-vax agenda is infecting Australia #trump #vaccine #autism #vaccines #australia,vaccine,1,vaccine,,,,7am,https://www.youtube.com/watch?v=v8BiTPgEghE,2026-08-18T14:50:07+10:00,1
2026-08-20T12:19:08.879567+10:00,P0z15fk6yIE,YouTube AU,Amazing Word Ministries,ALERT: Australia Has Fallen With Mandatory H5N1 Vaccination for more than 5000 Penguins &amp; all Birds,vaccination,1,vaccination,,,,Amazing Word Ministries,https://www.youtube.com/watch?v=P0z15fk6yIE,2026-08-20T08:00:06+10:00,1
2026-08-20T12:19:10.054534+10:00,oHw7Mb2lV54,YouTube AU,SBS Audio,"Vaccination starts on Phillip Island, but is it the only way to tackle bird flu? -...",vaccination,1,vaccination,,,,SBS Audio,https://www.youtube.com/watch?v=oHw7Mb2lV54,2026-08-19T17:02:11+10:00,1
2026-08-20T12:19:11.196871+10:00,lvgqpwpNqHM,YouTube AU,7NEWS Australia,Phillip Island penguins receive bird flu vaccinations | 7NEWS,vaccination,1,vaccination,,,,7NEWS Australia,https://www.youtube.com/watch?v=lvgqpwpNqHM,2026-08-19T16:49:31+10:00,1
